INSERT INTO public."Municipios"(cod_mun, nombre, "createdAt", "updatedAt", cod_edo) VALUES
(1,'MP. INFANTE' , now(), now(),10),
(2,'MP. MELLADO' , now(), now(),10),
(3,'MP. MIRANDA' , now(), now(),10),
(4,'MP. MONAGAS' , now(), now(),10),
(5,'MP. RIBAS' , now(), now(),10),
(6,'MP. JUAN GERMAN ROSC' , now(), now(),10),
(7,'MP. ZARAZA' , now(), now(),10),
(8,'MP. CAMAGUAN' , now(), now(),10),
(9,'MP.S JOSE DE GUARIBE' , now(), now(),10),
(10,'MP. JUAN JOSE RONDON' , now(), now(),10),
(11,'MP. EL SOCORRO' , now(), now(),10),
(12,'MP. ORTIZ' , now(), now(),10),
(13,'MP. S MARIA DE IPIRE' , now(), now(),10),
(14,'MP. CHAGUARAMAS' , now(), now(),10),
(15,'MP.SAN GERONIMO DE G' , now(), now(),10);


INSERT INTO public."Parroquia"(
	cod_par, nombre, "createdAt", "updatedAt", cod_mun)
	VALUES
  (1, 'PQ. VALLE DE LA PASCUA', now(), now(), 1),
(2, 'PQ. ESPINO', now(), now(), 1),
(3, 'PQ. EL SOMBRERO', now(), now(), 2),
(4, 'PQ. SOSA', now(), now(), 2),
(5, 'PQ. CALABOZO', now(), now(), 3),
(6, 'PQ. EL CALVARIO', now(), now(), 3),
(7, 'PQ. EL RASTRO', now(), now(), 3),
(8, 'PQ. GUARDATINAJAS', now(), now(), 3),
(9, 'PQ. ALTAGRACIA DE ORITUCO', now(), now(), 4),
(10, 'PQ. LEZAMA', now(), now(), 4),
(11, 'PQ. LIBERTAD DE ORITUCO', now(), now(), 4),
(12, 'PQ. SAN FCO DE MACAIRA', now(), now(), 4),
(13, 'PQ. SAN RAFAEL DE ORITUCO', now(), now(), 4),
(14, 'PQ. SOUBLETTE', now(), now(), 4),
(15, 'PQ. PASO REAL DE MACAIRA', now(), now(), 4),
(16, 'PQ. TUCUPIDO', now(), now(), 5),
(17, 'PQ. SAN RAFAEL DE LAYA', now(), now(), 5),
(18, 'PQ.SAN JUAN DE LOS MORROS', now(), now(), 6),
(19, 'PQ. PARAPARA', now(), now(), 6),
(20, 'PQ. CANTAGALLO', now(), now(), 6),
(21, 'PQ. ZARAZA', now(), now(), 7),
(22, 'PQ. SAN JOSE DE UNARE', now(), now(), 7),
(23, 'PQ. CAMAGUAN', now(), now(), 8),
(24, 'PQ. PUERTO MIRANDA', now(), now(), 8),
(25, 'PQ. UVERITO', now(), now(), 8),
(26, 'PQ. SAN JOSE DE GUARIBE', now(), now(), 9),
(27, 'PQ. LAS MERCEDES', now(), now(), 10),
(28, 'PQ. STA RITA DE MANAPIRE', now(), now(), 10),
(29, 'PQ. CABRUTA', now(), now(), 10),
(30, 'PQ. EL SOCORRO', now(), now(), 11),
(31, 'PQ. ORTIZ', now(), now(), 12),
(32, 'PQ. SAN FCO. DE TIZNADOS', now(), now(), 12),
(33, 'PQ. SAN JOSE DE TIZNADOS', now(), now(), 12),
(34, 'PQ. S LORENZO DE TIZNADOS', now(), now(), 12),
(35, 'PQ. SANTA MARIA DE IPIRE', now(), now(), 13),
(36, 'PQ. ALTAMIRA', now(), now(), 13),
(37, 'PQ. CHAGUARAMAS', now(), now(), 14),
(38, 'PQ. GUAYABAL', now(), now(), 15),
(39, 'PQ. CAZORLA', now(), now(), 15);

INSERT INTO public."CentroVotacions"(
	ctro_prop, nombre, direccion, apertura, cierre, "createdAt", "updatedAt", cod_par)
	VALUES
  (100101001, 'ESCUELA BASICA DC- 21 EL BOSTERO', 'CASERÍO EL BOSTERO DERECHA CARRETERA TERRENOS DE LA SEÑORA LUISA MARCANO VIA AL CACERIO EL BOSTERO. IZQUIERDA CARRETERA TERRENOS DE LA SEÑORA LUISA MARCANO, VIA AL CACERIO LOS CAROS. FRENTE CARRETERA VIA AL 133 CARRETERA NACIONAL VIA CHAGUARAMAS-SAN RAFAE', null, null, now(), now(), 1),
  (100101035, 'UNIVERSIDAD NACIONAL ABIERTA', 'SECTOR AEROPUERTO FRENTE AVENIDA PADRE CHACIN. DERECHA CALLE 4 DEL SECTOR LAS GARCITAS AL LADO DEL LICEO CELESTINO PERAZA. IZQUIERDA CALLE 1 AEROPUERTO FRENTE AL AEROPUERTO EDIFICIO', null, null, now(), now(), 1),
  (100101036, 'FUNDACION NACIONAL EL NIÑO SIMON', 'SECTOR EL ROBLE DERECHA CALLE MARTILLO. IZQUIERDA CALLE AURORA. FRENTE CALLE EL ROBLE A MEDIA CUADRA DE LA FERRETERIA LA FLORIDA EDIFICIO', null, null, now(), now(), 1),
  (100101037, 'UNIDAD EDUCATIVA CELESTINO PERAZA', 'SECTOR AEROPUERTO FRENTE AVENIDA PADRE CHACIN. DERECHA CALLE NUMERO 4, UNIVERSIDAD ABIERTA. IZQUIERDA CALLE AEROPUERTO, MUNICIPIO AMBIENTAL AVENIDA PADRE CHACIN SECTOR AEROPUERTO EDIFICIO', null, null, now(), now(), 1),
  (100101038, 'ESCUELA BOLIVARIANA 12 DE OCTUBRE', 'SECTOR 12 DE OCTUBRE DERECHA CALLE NUEVA ESPARTA. IZQUIERDA CALLE SAN FELIPE. FRENTE CALLE LOS LLANOS CALLE LOS LLANOS SECTOR 12 DE OCTUBRE EDIFICIO', null, null, now(), now(), 1),
  (100101039, 'CENTRO PRE-ESCOLAR ABIERTO ANDRES BELLO', 'SECTOR LA PUA DERECHA CALLE RIVIERA. IZQUIERDA CALLE LAS AMERICAS. FRENTE CALLE NUMERO 2 URBANIZACION LA PUA CALLE 2 EDIFICIO', null, null, now(), now(), 1),
  (100101002, 'ESCUELA BASICA JOSE MANUEL FUENTES ACEVEDO', 'URBANIZACIÓN LAS GARCITAS DERECHA CALLE MATADERO. IZQUIERDA CALLE 1 LAS GARCITAS. FRENTE VEREDA ESTACIONAMIENTO UNO URBANIZACION LAS GARCITAS CALLE PRINCIPAL EDIFICIO', null, null, now(), now(), 1),
  (100101003, 'ASOCIACION MONSEÑOR SALAS', 'URBANIZACIÓN LAS GARCITAS IZQUIERDA CALLE NUMERO 1 SECTOR AEROPUERTO. FRENTE CALLE NUMERO 1 SECTOR 1 LAS GARCITAS URBANIZACION LAS GARCITAS CALLE PRINCIPAL AEROPUERTO EDIFICIO', null, null, now(), now(), 1),
  (100101004, 'UNIDAD EDUCATIVA LICEO BOLIVARIANO MONSEÑOR RAFAEL CHACIN', 'SECTOR PADRE CHACIN DERECHA CALLE PADRE CHACIN. IZQUIERDA CALLE AUTOCONTRUCCION. FRENTE CALLE ROMULO GALLEGOS VIA ZANJONOTE CARRETERA VIA ZANJONOTE URBANIZACION PADRE CHACIN EDIFICIO', null, null, now(), now(), 1),
  (100101005, 'UNIDAD EDUCATIVA PREBISPERO JUAN SANTIAGO GUASCO', 'SECTOR LA CONCORDIA IZQUIERDA CALLE MASCOTA. FRENTE CALLE STADIUM. DERECHA CALLEJÓN PEDRO LORETO BARRIO LA CONCORDIA CALLE STADIUM SIN NUMERO EDIFICIO', null, null, now(), now(), 1),
  (100101006, 'ESCUELA BASICA CLARA MATOS ARZOLA', 'SECTOR LA PUA DERECHA CALLE ANGOSTURA. IZQUIERDA CALLE MIRANDA. FRENTE CALLE LA PUA URBANIZACION RUIZ PINEDA CALLE PRINCIPAL SECTOR LA PUA EDIFICIO', null, null, now(), now(), 1),
  (100101007, 'UNIDAD EDUCATIVA JUAN JOSE RONDON', 'URBANIZACIÓN VIPEDI DERECHA AVENIDA ALVAREZ ALAYON. IZQUIERDA CALLE PALMA REAL. FRENTE CALLE GUAICAIPURO URBANIZACION VIPEDI CALLE GUAICAIPURO CRUCE CON CALLE PRINCIPAL DE VIPEDI EDIFICIO', null, null, now(), now(), 1),
  (100101008, 'ESCUELA BASICA MARIANO MONTILLA', 'SECTOR EL MERCADO DERECHA CALLE ATASCOSA. IZQUIERDA CALLE EL ROBLE. FRENTE CALLE LOS CARDONES FRENTE AL MERCADO MUNICIPAL EDIFICIO', null, null, now(), now(), 1),
  (100101009, 'UNIDAD EDUCATIVA ANDRES BELLO', 'CASERÍO COROZAL DERECHA CALLE ANTONIO JOSE DE SUCRE. IZQUIERDA CALLE CAMPO ALEGRE. FRENTE CALLE PRINCIPAL CARRETERA NACIONAL VIA LA PASCUA A 5 KILOMETROS COMUNIDAD CASA', null, null, now(), now(), 1),
  (100101010, 'UNIDAD EDUCATIVA LOURDES CAMERO RAMIREZ', 'SECTOR PUEBLO NUEVO FRENTE AVENIDA LAS INDUSTRIAS. DERECHA CALLE LOS CARDONES. IZQUIERDA CALLE CAMPO SANTO AVENIDA LAS INDUSTRIAS EDIFICIO', null, null, now(), now(), 1),
  (100101011, 'LICEO BOLIVARIANO JOSE GIL FORTOUL', 'SECTOR GUAMACHAL FRENTE AVENIDA LIBERTADOR SUR. DERECHA CALLE MUNICIPIO ESCOLAR. IZQUIERDA CALLE EL LICEO FRENTE AL CARLOS JOSE BELLO EDIFICIO', null, null, now(), now(), 1),
  (100101012, 'ESCUELA BASICA BOLIVARIANA CARLOS JOSE BELLO', 'SECTOR ATASCOSA FRENTE AVENIDA LIBERTADOR. DERECHA CALLE LAS GARZA. IZQUIERDA CALLE 21 DE ENERO FRENTE AL LICEO JOSE GIL FORTOUL EDIFICIO', null, null, now(), now(), 1),
  (100101013, 'ESCUELA BASICA FRANCISCO LAZO MARTÍ', 'SECTOR CENTRO FRENTE AVENIDA LIBERTADOR. DERECHA CALLE DESCANSO. IZQUIERDA CALLE LAS FLORES CALLE DESCANSO AVENIDA LIBERTADOR EDIFICIO', null, null, now(), now(), 1),
  (100101014, 'PRESCOLAR ARAGUANEY', 'SECTOR MINAS DE ARENA DERECHA AVENIDA CIRCUNVALACION. IZQUIERDA CALLE LORETO. FRENTE CALLE REAL CALLE REAL SECTOR MINAS DE ARENA EDIFICIO', null, null, now(), now(), 1),
  (100101015, 'GRUPO ESCOLAR RAFAEL GONZALEZ UDIS', 'SECTOR LOS ILUSTRES DERECHA CALLE CAMALEONES. IZQUIERDA CALLE RETUMBO. FRENTE CALLE ILUSTRES CALLE LOS ILUSTRES CASCO CENTRAL NORTE EDIFICIO', null, null, now(), now(), 1),
  (100101016, 'AMBULATORIO ALFALLANOS', 'SECTOR ALFALLANOS DERECHA CALLE ALFALLANOS. FRENTE CALLE ESTADIUN DIAGONAL AL CUERPO DE INVESTIGACIONES CIENTIFICAS PENALES Y CRIMINALISTICAS EDIFICIO', null, null, now(), now(), 1),
  (100101017, 'GRUPO ESCOLAR JUANA JOSEFA VARGAS', 'SECTOR CRISTO REY DERECHA AVENIDA ARTURO ALVAREZ ALAYON. IZQUIERDA CALLE PARAISO. FRENTE CALLE ORITUCO FRENTE A LA IGLESIA CRISTO REY EDIFICIO', null, null, now(), now(), 1),
  (100101018, 'ESCUELA DE ESPECIALIDADES SAN JOSE', 'SECTOR CASCO CENTRAL DERECHA CALLE RETUMBO. IZQUIERDA CALLE ATARRAYA. FRENTE CALLE GUASCO CALLE GUASCO NUMERO 12 CASCO CENTRAL DIAGONAL A LA ALCALDIA EDIFICIO', null, null, now(), now(), 1),
  (100101019, 'INSTITUTO UNIVERSITARIO TECNOLOGICO DE LOS LLANOS', 'SECTOR GUAMACHAL FRENTE AVENIDA CIRCUNVALACION. DERECHA CALLE EL LICEO. IZQUIERDA CALLE PRINCIPAL DEL SECTOR DEL 12 DE OCTUBRE SECTOR GUAMACHAL AVENIDA CIRCUNVALACION EDIFICIO', null, null, now(), now(), 1),
  (100101020, 'UNIDAD EDUCATIVA BOLIVARIANA JUAN GERMAN ROSCIO', 'SECTOR CASCO CENTRAL DERECHA CALLE RETUMBO. IZQUIERDA CALLE CAMALEONES. FRENTE CALLE DESCANSO CALLE DESCANSO NUMERO 19 SECTOR CASCO CENTRAL EDIFICIO', null, null, now(), now(), 1),
  (100101021, 'COLEGIO NUESTRA SEÑORA DEL VALLE', 'URBANIZACIÓN VIPEDI DERECHA CALLE ORITUCO. FRENTE CALLE NUMERO 5 DE LA URBANIZACION VIPEDI, PROLONGACION CALLE PARAISO. IZQUIERDA TRANSVERSAL SEGUNDA CALLE ORITUCO CON CALLE VIPEDI EDIFICIO', null, null, now(), now(), 1),
  (100101022, 'UNIDAD EDUCATIVA BOLIVARIANA LIBERTADOR EC-040', 'CASERÍO LAS CAMPECHANAS DERECHA CALLE RONDON. IZQUIERDA CALLE SANTA MARIA. FRENTE CALLE PRINCIPAL 1 CASERIO LAS CAMPECHANAS EDIFICIO', null, null, now(), now(), 1),
  (100101023, 'UNIDAD EDUCATIVA JESUS LOPEZ ESCOBAR', 'CASERÍO ZANJONOTE DE LA MONTAÑA FRENTE CARRETERA PRINCIPAL. DERECHA SENDERO FAMILIA GARRIDO. IZQUIERDA SENDERO SEÑORA PALMA CALLE PRINCIPAL CASERIO ZANJONOTE EDIFICIO', null, null, now(), now(), 1),
  (100101024, 'ESCUELA BOLIVARIANA CE-41 MERCEDES DE MELO MAMONAL', 'CASERÍO MAMONAL DERECHA CARRETERA VIA VALLE DE LA PASCUA. IZQUIERDA CARRETERA VIA CACERIO MAHOMITO. FRENTE CARRETERA NACIONAL MAMONAL 1 CASERIO MAMONAL CARRETERA VIA LA UNION ENTRANDO AL SECTOR LOS BÁLSAMOS EDIFICIO', null, null, now(), now(), 1),
  (100101025, 'ESCUELA BASICA DC-08 LOS ALGODONES', 'CASERÍO LOS ALGODONES DERECHA CARRETERA MAHOMITO. IZQUIERDA CARRETERA ALGODONES. FRENTE CARRETERA PRINCIPAL LOS ALGODONES CASERIO LOS ALGODONES CASA', null, null, now(), now(), 1),
  (100101026, 'ESCUELA BASICA DC-20 EL PÁRAMO', 'CASERÍO EL PARAMO IZQUIERDA CALLE PRINCIPAL. FRENTE CALLE SANTA ROSA. DERECHA CAMINO TERRENOS DE SUSECION DE LA SRA. JUANA FIGUERA CASERIO EL PÁRAMO EDIFICIO', null, null, now(), now(), 1),
  (100101027, 'ESCUELA ESTADAL UNITARIA DC-58 LAS GARZAS', 'CASERÍO LAS GARZAS DERECHA CARRETERA TERRENOS DEL SEÑOR ALFREDO ESTRADA. IZQUIERDA CARRETERA CASERIO AGUA ABAJO. FRENTE CARRETERA VIA ESPINO CASERIO LAS GARZAS CASA', null, null, now(), now(), 1),
  (100101028, 'ESCUELA NACIONAL 3712, JACOME ABAJO.', 'CASERÍO JACOME ABAJO DERECHA CARRETERA VIA CASERIO LAS ROSITAS. FRENTE CARRETERA PRINCIPAL VIA ESPINO. IZQUIERDA CAMINO PRINCIPAL DEL CASERIO CASERIO JACOME ABAJO CASA', null, null, now(), now(), 1),
  (100101029, 'ESCUELA BASICA ESTADAL UNITARIA D-52 COROZALITO', 'CASERÍO COROZALITO DERECHA CARRETERA VIA LOS DRAGOS, LAS DOS PALMAS. IZQUIERDA CARRETERA VIA SANTA JUANA. FRENTE CARRETERA VIA CORRAL VIEJO CASERIO COROZALITO CASA', null, null, now(), now(), 1),
  (100101030, 'ESCUELA ESTADAL CONCENTRADA DC-42 LOMA DE PIEDRA', 'CASERÍO LOMA DE PIEDRA DERECHA CARRETERA VIA AL CACERIO LOS FOSFOROS. IZQUIERDA CARRETERA EL CAÑO LOS TOLETES. FRENTE CARRETERA PRINCIPAL CASERIO LOMA DE PIEDRA CASA', null, null, now(), now(), 1),
  (100101031, 'UNIDAD EDUCATIVA GENERAL JOSE ANTONIO PAEZ', 'CASERÍO POTRERITO DERECHA CARRETERA VIA EL BARBASCO. IZQUIERDA CARRETERA TERRENOS DEL SEÑOR OMAR MACHUCA, VIA MATA REDONDA ESPINO. FRENTE CARRETERA NACIONAL VIA A ESPINO CASERIO POTRERITO EDIFICIO', null, null, now(), now(), 1),
  (100101032, 'ESCUELA BASICA DC-9 LA PEREÑA', 'CASERÍO LA PEREÑA DERECHA CARRETERA VIA AL CACERIO BANDERA BLANCA. IZQUIERDA CARRETERA TERRENOS DEL SEÑOR RUBEN PÁRRAGA. FRENTE CARRETERA NACIONAL VIA EL SOCORRO CASERIO LA PEREÑA CASA', null, null, now(), now(), 1),
  (100101040, 'INSTITUTO NACIONAL DE CAPACITACION Y EDUCACION SOCIALISTA', 'SECTOR LA VIGIA DERECHA CALLE EL MERCADO. IZQUIERDA CALLE EL TERMINAL. FRENTE CALLE LA VIGIA SECTOR LA VIGIA, CALLE LA VIGIA AL LADO DEL TERMINAL DE PASAJEROS EDIFICIO', null, null, now(), now(), 1),
  (100101041, 'UNIVERSIDAD ROMULO GALLEGOS', 'SECTOR CASCO CENTRAL DERECHA CALLE CHETTINNO. IZQUIERDA CALLE GONZALEZ PADRON. FRENTE CALLE PARAISO FRENTE AL CENTRO DE COPIADO VALLEPETROL EDIFICIO', null, null, now(), now(), 1),
  (100101043, 'LICEO JOSE GREGORIO GONZALEZ', 'SECTOR LA ROMANA DERECHA CALLE LOS ILUSTRES. IZQUIERDA CALLE MONAGAS. FRENTE CALLE LA ESPERANZA SECTOR LA ROMANA CALLE LA ESPERANZA EDIFICIO', null, null, now(), now(), 1),
  (100101044, 'COMPLEJO CULTURAL OTO RODRIGUEZ', 'SECTOR LA ROMANA DERECHA CALLE LOS ILUSTRES. FRENTE CALLE ORITUCO. IZQUIERDA CALLEJÓN LA ERMITA AVENIDA MANAPIRE SECTOR LA ROMANA EDIFICIO', null, null, now(), now(), 1),
  (100101045, 'UNIVERSIDAD NACIONAL EXPERIMENTAL SIMON RODRIGUEZ', 'SECTOR LA REPRESA DERECHA CALLE LEONES. IZQUIERDA TRANSVERSAL PRIMERA. FRENTE TRANSVERSAL TERCERA VIA EL COROZO EDIFICIO', null, null, now(), now(), 1),
  (100101046, 'UNIDAD EDUCATIVA APAMATE', 'CASERÍO APAMATE DERECHA CARRETERA VIA AL CARIBE. IZQUIERDA CARRETERA VIA CASERIO APAMATE. FRENTE CARRETERA VIA EL BURRO CASERIO APAMATE CASA', null, null, now(), now(), 1),
  (100101047, 'UNIVERSIDAD ROMULO GALLEGOS EDIFICIO NUMERO 2', 'SECTOR EL ZAMURO DERECHA CALLE LAS FLORES. IZQUIERDA CALLE BOLIVAR. FRENTE CALLE 23 DE ENERO AL LADO DEL HOSPITAL DOCTOR RAFAEL ZAMORA AREVALO EDIFICIO', null, null, now(), now(), 1),
  (100101048, 'CASA DE LA CULTURA LORENZO RUBIN ZAMORA', 'SECTOR ATASCOSA FRENTE AVENIDA LIBERTADOR. DERECHA CALLE ATASCOSA. IZQUIERDA CALLE 5 DE JULIO CASA DE LA CULTURA EDIFICIO', null, null, now(), now(), 1),
  (100101049, 'ESCUELA BASICA BANDERA BLANCA', 'CASERÍO BANDERA BLANCA DERECHA CARRETERA VIA CASERIO LA AGUADA DE APAMATAR. FRENTE CARRETERA PRINCIPAL. IZQUIERDA SENDERO FUNDO LA TRINIDAD A 120 METROS DE LA BODEGA DE JOSE GARCIA CASA', null, null, now(), now(), 1),
  (100101050, 'UNIDAD EDUCATIVA MARIA BELISARIO DE SANCHEZ', 'SECTOR LA VIGIA FRENTE CALLE LA VIGIA. IZQUIERDA SENDERO AL LADO DE LA IGLESIA. DERECHA TROCHA AL LADO TALLER LA BOMBA DE LA VIGIA CASA', null, null, now(), now(), 1),
  (100101054, 'CENTRO DE VOTACION ACACIAS 1 UNIDAD LUCHA BATALLA Y VICTORIA', 'URBANIZACIÓN LAS ACACIAS IZQUIERDA CALLE LAS ACACIAS. DERECHA CARRETERA TERRENOS DEL SENOR ROQUE CEBILLA. FRENTE VEREDA NUMERO 3 A 200MTS DE LA FRUTERIA Y ABASTO LAS ACACIAS', null, null, now(), now(), 1),
  (100101055, 'CENTRO DE VOTACION ROBERT SERRA', 'BARRIO AREVALO CEDENO DERECHA CALLE ROBLE. IZQUIERDA CALLE SANDINO. FRENTE CALLE AURORA A 100 MTS DE INVERSIONES RAMIREZ', null, null, now(), now(), 1),
  (100101056, 'CENTRO DE VOTACION BRISAS DEL NORTE', 'BARRIO BRISAS DEL NORTE FRENTE CALLE EL MILAGRO. DERECHA CARRETERA TERRENOS DEL CONSEJO COMUNAL. IZQUIERDA CARRETERA TERRENOS DEL CONSEJO COMUNAL A 50MTS AL CACERIO SANTA ROSA DE CEIBA MOCHA', null, null, now(), now(), 1),
  (100101057, 'CENTRO DE VOTACION LIRIOS DEL VALLE', 'SECTOR LIRIOS DEL VALLE DERECHA CALLE LA CONQUISTA. IZQUIERDA CALLE TERRENOS DEL SENOR GERONIMO FELIZOLA. FRENTE CALLE NEGRO PRIMERO IGLESIA LUZ DEL MUNDO MISION SIETE', null, null, now(), now(), 1),
  (100101058, 'BASE DE MISIONES GRAN MARISCAL ANTONIO JOSÉ DE SUCRE', 'SECTOR LOMAS DEL ESTÉ CALLE 6', null, null, now(), now(), 1),
  (100101059, 'BASE DE MISIÓN LA BENDICIÓN DE DIOS', 'AVENIDA 1, SECTOR LA BENDICIÓN DE DIOS', null, null, now(), now(), 1),
  (100101060, 'UNIDAD EDUCATIVA ARTURO ALVAREZ ALAYON', 'CALLE ATARRAYA NORTE, SECTOR VAPORON.', null, null, now(), now(), 1),
  (100101061, 'CONSULTORIO POPULAR PETRA HERNÁNDEZ DE MATOS', 'CALLE NUEVA, SECTOR LAS CANOAS', null, null, now(), now(), 1),
  (100101062, 'INFOCENTRO COMUNITARIO', 'SECTOR MORICHAL CALLE SAN MIGUEL AL LADO DEL CONSULTORIO MÉDICO POPULAR', null, null, now(), now(), 1),
  (100101063, 'CONSULTORIO MÉDICO POPULAR LA CONCORDIA II', 'CALLE ORITUCO CRUCE CON LAS CALLES ARBOLITO Y PLAYA VERDE', null, null, now(), now(), 1),
  (100101064, 'BASE DE MISIONES ARISTÓBULO ISTÚRIZ', 'CALLE ANDRÉS BELLO A 200 METROS DE LA POLICÍA NACIONAL, SECTOR PARAISO', null, null, now(), now(), 1),
  (100101065, 'CONSULTORIO MÉDICO POPULAR EL TRIUNFO', 'CALLE NEGRO PRIMERO NÚMERO 6, SECTOR EL TRIUNFO', null, null, now(), now(), 1),
  (100101066, 'ESCUELA BÁSICA ANDRÉS REINALDO FUENTES RUIZ', 'CALLE PRINCIPAL SECTOR LA SOLUCIÓN', null, null, now(), now(), 1),
  (100102001, 'ESCUELA BASICA ENRIQUE BENITO NUÑEZ', 'CASERÍO ESPINO DERECHA CALLE EL CANEY. IZQUIERDA CALLE RIBAS. FRENTE CALLE BOLIVAR CASCO CENTRAL DEL CASERIO CASA', null, null, now(), now(), 2),
  (100102002, 'ESCUELA ESTADAL NUMERO DC 62 RABANAL', 'CASERÍO RABANAL IZQUIERDA CARRETERA VIA ESPINO, SANTA RITA DE MANAPIRE. FRENTE CARRETERA VIA ESPINO, SECTOR PASTO BRAVO CASERIO RABANAL EDIFICIO', null, null, now(), now(), 2),
  (100102003, 'ESCUELA NACIONAL UNITARIA NUMERO D-84 LA IGUANA', 'CASERÍO LA IGUANA DERECHA CARRETERA VIA ALTAMIRA. IZQUIERDA CARRETERA LA IGUANA. FRENTE CARRETERA VIA ESPINO CASERIO LA IGUANA EDIFICIO', null, null, now(), now(), 2),
  (100102004, 'ESCUELA ESTADAL CONCENTRADA NUMERO DC-36 PARMANA', 'CASERÍO PARMANA DERECHA CARRETERA VIA A EL PUERTO DE PARMANA. IZQUIERDA CARRETERA VIA A ESPINO. FRENTE CARRETERA PRINCIPAL CASERIO PARMANA', null, null, now(), now(), 2),
  (100102005, 'ESCUELA BASICA NUMERO D-70 PABLO MARIA MATOS', 'CASERÍO LAS CALIFORNIAS DERECHA CARRETERA TERRENOS DEL SEÑOR RENGIFO VIA AL CACERIO LA DALIA. IZQUIERDA CARRETERA TERRENOS DEL SEÑOR RENGIFO, VIA ROBLE GACHO. FRENTE CARRETERA VIA IGUANA CASERIO LAS CALIFORNIAS EDIFICIO', null, null, now(), now(), 2),
  (100201001, 'GRUPO ESCOLAR JUAN JOSE TOVAR', 'SECTOR CASCO CENTRAL DERECHA CALLE ESTUDIANTE. IZQUIERDA CALLE CARMEN. FRENTE CALLE LIBERTAD A UNA CUADRA DEL SUPERMERCADO SANTAELLA EDIFICIO', null, null, now(), now(), 3),
  (100201010, 'INSTITUTO DE EDUCACION ESPECIAL SAN JUDAS TADEO', 'SECTOR EL CEMENTERIO DERECHA CALLE DESCANSO. IZQUIERDA CALLE UNION. FRENTE CALLE ALEGRIA A 200 METROS DE LA UNIDAD DE REGISTRO CIVIL MUNICIPAL EDIFICIO', null, null, now(), now(), 3),
  (100201002, 'ESCUELA PRE-VOCACIONAL DOCTOR JOSE CECILIO MONTILLA', 'SECTOR CASCO CENTRAL DERECHA CALLE TRIUNFO. IZQUIERDA CALLE SOCIEDAD. FRENTE CALLE COMERCIO AL LADO DEL COLEGIO NUESTRA SEÑORA DEL CARMEN CASA', null, null, now(), now(), 3),
  (100201003, 'ESCUELA BOLIVARIANA PUEBLO NUEVO', 'SECTOR PUEBLO NUEVO DERECHA CALLE UPATA. FRENTE CALLE GUAYANA. IZQUIERDA PICA INVADIDA A MEDIA CUADRA DEL CICPC EDIFICIO', null, null, now(), now(), 3),
  (100201004, 'UNIDAD EDUCATIVA NACIONAL JULIAN MELLADO', 'URBANIZACIÓN JULIAN MELLADO FRENTE AVENIDA MELLADO. DERECHA CALLE DESCANSO. IZQUIERDA CALLE FEDERACION AL FRENTE DE LA PLAZA MELLADO EDIFICIO', null, null, now(), now(), 3),
  (100201005, 'ESCUELA BOLIVARIANA BC-11 LA GUÁSIMA', 'CASERÍO LA GUÁSIMA DERECHA CALLE PRINCIPAL. IZQUIERDA CALLE EL DISPENSARIO. FRENTE CALLE RODRÍGUEZ SAENZ A 100 METROS DEL DISPENSARIO EDIFICIO', null, null, now(), now(), 3),
  (100201006, 'LICEO ALBERTO ISAAC PADRA', 'SECTOR CAMPO ALEGRE IZQUIERDA CALLE TRIUNFO. FRENTE CALLE EL LICEO A 100 METROS DEL CENTRO MOVIL EDIFICIO', null, null, now(), now(), 3),
  (100201007, 'ESCUELA BASICA CAMPO ALEGRE', 'SECTOR CAMPO ALEGRE DERECHA AVENIDA BOLIVAR. IZQUIERDA CALLE EL LICEO. FRENTE CALLE TRIUNFO A 200 METROS DE CARNE ASADA MARCELINO EDIFICIO', null, null, now(), now(), 3),
  (100201008, 'ESCUELA ESTADAL CONCENTRADA BC-3 LAGUNA SECA', 'CASERÍO LAGUNA SECA FRENTE CARRETERA NACIONAL KILÓMETRO 17. DERECHA CARRERA NACIONAL VIA EL SOMBRERO. IZQUIERDA CARRERA NACIONAL VIA CALABOZO A 10 METROS DEL KIOSCO DE JOSEFINA EDIFICIO', null, null, now(), now(), 3),
  (100201009, 'ESCUELA ESTADAL CONCENTRADA BC-7 LA FUNDACIÓN', 'CASERÍO LA FUNDACION FRENTE CALLE PRINCIPAL. DERECHA CAMINO VIA EL SOMBRERO. IZQUIERDA CAMINO VIA LA GUASIMA AL FRENTE DE LA BODEGA CASA', null, null, now(), now(), 3),
  (100201011, 'CENTRO DE EDUCACIÓN INICIAL EL TURPIAL', 'SECTOR EL TURPIAL DERECHA AVENIDA 5 DE JULIO. FRENTE AVENIDA RAFAEL CALDERA. IZQUIERDA CALLE PRINCIPAL LA MESETA CERCA DEL HOTEL CARACAS EDIFICIO', null, null, now(), now(), 3),
  (100201012, 'ESCUELA BOLIVARIANA NER 053 LAS LAJITAS', 'CASERÍO LAS LAJITAS DERECHA CARRETERA NACIONAL VIA CALABOZO. IZQUIERDA CARRETERA NACIONAL VIA EL SOMBRERO. FRENTE CARRETERA NACIONAL KILÓMETRO 3 A 50 METROS DE UNA CHICHARRONERA-CACHAPERA CASA', null, null, now(), now(), 3),
  (100201017, 'ESCUELA DE EDUCACION INICIAL NACIONAL BOLIVARIANA MONSEÑOR ARTURO CELESTINO ALVAREZ', 'URBANIZACIÓN MELLADO DERECHA CALLE 4. IZQUIERDA CALLE 2. FRENTE CALLE 1 AL LADO DEL MODULO LA MANGA CASA', null, null, now(), now(), 3),
  (100201014, 'ESCUELA DE EDUCACION INICIAL NACIONAL BOLIVARIANA MONSEÑOR ARTURO CELESTINO ALVAREZ', 'SECTOR 5 DE JULIO DERECHA AVENIDA 5 DE JULIO. IZQUIERDA CALLE LIBERTAD. FRENTE CALLE EL ROSARIO A 30 METROS DE LA REDOMA EL TAMARINDO CASA', null, null, now(), now(), 3),
  (100201015, 'ESCUELA BOLIVARIANA LA CACHAMA', 'CASERÍO LA CACHAMA DERECHA CALLE PRINCIPAL. IZQUIERDA CALLE CIEGA. FRENTE CALLE LA ESCUELA A 10 METROS DE LA CANCHA DEPORTIVA MULTIPLE CASA', null, null, now(), now(), 3),
  (100201016, 'ESCUELA DE EDUCACIÓN INICIAL ALICIA SANCHEZ ESAAC', 'SECTOR BICENTENARIO 1 DERECHA CALLE ESPAÑA. IZQUIERDA CALLE BOYACA. FRENTE CALLE BICENTENARIO A 20 METROS DEL CENTRO DIAGNÓSTICO INTEGRAL CASA', null, null, now(), now(), 3),
  (100201019, 'CENTRO DE VOTACION LA VICTORIA', 'SECTOR LA VICTORIA DERECHA CALLE RAFAEL CALDERA. IZQUIERDA CARRETERA NACIONAL VIA SAN JUAN DE LOS MORROS. FRENTE CALLEJÓN EL TRIGAL FRENTE LA FAMILIA SEIJAS', null, null, now(), now(), 3),
  (100201020, 'CENTRO DE VOTACION EL ARAGUANEY', 'SECTOR EL ARAGUANEY DERECHA CALLE EL CUJI. IZQUIERDA CALLE DRAGO. FRENTE CALLE EL GUAMACHO AL FRENTE FAMILIA SILVA', null, null, now(), now(), 3),
  (100201023, 'CASA COMUNAL CANTARRANA', 'CALLE ALEGRIA CON CALE 5 D JULIO', null, null, now(), now(), 3),
  (100201024, 'CASA COMUNAL YELITZA TAVARE', 'CALLE EL TRIUNFO C7C EL CARMEN Y JERUSALEN/ SECTOR BICENTENARIO II', null, null, now(), now(), 3),
  (100201025, 'BASE DE MIIONES LA TORREÑA', 'SECTOR LA TORREÑA, VIA LA PASCUA', null, null, now(), now(), 3),
  (100202001, 'ESCUELA TECNICA AGROPECUARIA SOSA', 'CASERÍO SOSA IZQUIERDA CALLE BOLIVAR. DERECHA CARRETERA NACIONAL. FRENTE CARRETERA NACIONAL VIA EL SOMBRERO ANTENA DE CANTV CASA', null, null, now(), now(), 4),
  (100202002, 'ESCUELA BOLIVARIANA BC-9 LA JUANERA', 'CASERÍO LA JUANERA DERECHA CALLE EL AMBULATORIO. IZQUIERDA CALLE LA PLAZA. FRENTE CALLE PRINCIPAL AL LADO DEL AMBULATORIO 1 CASA', null, null, now(), now(), 4),
  (100301001, 'ESCUELA BASICA DOCTOR FRANCISCO LAZO MARTI', 'URBANIZACIÓN MISION DE LOS ANGELES IZQUIERDA CALLE PRINCIPAL BRISAS DE LA REPRESA. FRENTE CALLE 1. DERECHA TRANSVERSAL PLAZA FRANCISCO MADERA AL FRENTE DE LA IGLESIA NUESTRA SEÑORA DE LOS ANGELES CASA', null, null, now(), now(), 5),
  (100301031, 'UNIDAD EDUCATIVA JOSE FELIX RIBAS', 'BARRIO VICARIO 3 DERECHA CALLE 9. IZQUIERDA CALLE 8. FRENTE CARRERA 6 CALLE 6 CON CARRERA 8 VICARIO III CASA', null, null, now(), now(), 5),
  (100301032, 'ESCUELA BOLIVARIANA RURAL CC-81 NER-016 UVERITO PEREÑO', 'CASERÍO UVERITO PEREÑO DERECHA CALLE CARRETERA VIA SANTA MARIA. IZQUIERDA CALLE CALLE 2. FRENTE CALLE PRINCIPAL DE UVERITO CASERIO UVERITO PEREÑO CASA', null, null, now(), now(), 5),
  (100301033, 'ESCUELA BOLIVARIANA LUISA CACERES DE ARISMENDI', 'BARRIO CAÑAFISTOLA DERECHA CALLE PRINCIPAL DE CAÑAFISTOLA. IZQUIERDA CALLE PRINCIPAL DE FRANCISCO DE MIRANDA. FRENTE CALLE 1 DIAGONAL AL CIRCUITO JUDICIAL CASA', null, null, now(), now(), 5),
  (100301034, 'ESCUELA ESTADAL RURAL CC-13 PASO DE MUJICA', 'BARRIO BARRIO LA AGUADA DERECHA CALLE PLAZA LAS MERCEDEZ. IZQUIERDA CALLE LA CAMAGUAN. FRENTE CALLE PRINCIPAL DE LA AGUADA PRINCIPAL BARRIO LA AGUADA CASA', null, null, now(), now(), 5),
  (100301035, 'UNIDAD EDUCATIVA PARMENIA DIAZ DE CARVAJAL', 'BARRIO LAS DINAMITAS FRENTE CALLE PRINCIPAL. DERECHA CALLEJÓN NUMERO 3. IZQUIERDA CALLEJÓN NUMERO 2 EN EL CASCO DEL BARRIO CASA', null, null, now(), now(), 5),
  (100301002, 'UNIDAD EDUCATIVA SIMON RODRIGUEZ', 'BARRIO GUAICAIPURO SECTOR LOS INDIOS IZQUIERDA CALLE GUAICAIPURO. FRENTE CALLE LAZO MARTI. DERECHA CALLEJÓN S/N CALLE LAZO MARTÍ SIN NUMERO BARRIO GUAICAIPURO CASA', null, null, now(), now(), 5),
  (100301003, 'LICEO HUMBOLDT', 'SECTOR MERECURITO FRENTE AVENIDA 23 DE ENERO. DERECHA CALLE VIA AL BARRIO MERECURITO. IZQUIERDA CALLE SIN NÚMERO AL LADO DE LA IGLESIA VIRGEN DE FÁTIMA EDIFICIO', null, null, now(), now(), 5),
  (100301005, 'GRUPO ESCOLAR CAMAGUAN', 'BARRIO CRUZ DEL PERDON DERECHA CALLE FAMILIA ESCALONA. IZQUIERDA CALLE 1. FRENTE CALLE 3 PROLONGACION DE CALLE 3 CASA', null, null, now(), now(), 5),
  (100301006, 'ESCUELA BASICA VERITA', 'BARRIO VERITA DERECHA CALLE NÚMERO 24. IZQUIERDA CALLE NÚMERO 25. FRENTE CALLE PRINCIPAL NÚMERO 10 CALLE REAL CASA', null, null, now(), now(), 5),
  (100301007, 'ESCUELA BOLIVARIANA NUMERO 1988', 'BARRIO CARRASQUELERO DERECHA CALLE 13. FRENTE CALLE 13 AL FINAL. IZQUIERDA CALLEJÓN 19 DE ABRIL BARRIO CARRASQUELERO CALLE 13 AL FINAL CASA', null, null, now(), now(), 5),
  (100301008, 'CICLO BASICO JOAQUIN CRESPO', 'BARRIO GUAMACHITO DERECHA CALLE PRINCIPAL DE NICARAGUA. IZQUIERDA CALLE PRINCIPAL DE GUAMACHITO. FRENTE CALLE 1 CALLE PRINCIPAL SECTOR GUAMACHITO CASA', null, null, now(), now(), 5),
  (100301009, 'ESCUELA BASICA CELINA ACOSTA DE VIANA', 'BARRIO PINTO SALINAS DERECHA CALLE ALI PRIMERA. IZQUIERDA CALLE CAMARA DE COMERCIO. FRENTE CALLE EL CANAL DIAGONAL AL INSTITUTO NACIONAL DE CAPACITACIÓN Y EDUCACIÓN SOCIALISTA CASA', null, null, now(), now(), 5),
  (100301010, 'INSTITUTO NACIONAL DE COOPERACION EDUCATIVA SOCIALISTA CALABOZO', 'SECTOR CENTRO ADMINISTRATIVO DERECHA AVENIDA PRINCIPAL DEL CENTRO ADMINISTRATIVO. IZQUIERDA CALLE CRUCE CON CALLE EL CANAL. FRENTE CALLE CAMARA DE COMERCIO CALLE PRINCIPAL BARRIO PINTO SALINAS CASA', null, null, now(), now(), 5),
  (100301011, 'GRUPO ESCOLAR JOSE RAFAEL VISO RODRIGUEZ', 'URBANIZACIÓN MISION ABAJO DERECHA CALLE PRINCIPAL DE GUAMACHITO. IZQUIERDA CALLE PLAZOLETA. FRENTE CALLE 3 CALLE 3 SECTOR MISION DE LA TRINIDAD CASA', null, null, now(), now(), 5),
  (100301012, 'COLEGIO NUESTRA SEÑORA DE LA COROMOTO', 'SECTOR CASCO CENTRAL FRENTE CALLE 5. DERECHA CARRERA 12. IZQUIERDA CARRERA 11 FRENTE AL BANCO DEL CARIBE EDIFICIO', null, null, now(), now(), 5),
  (100301013, 'GRUPO ESCOLAR ESTADOS UNIDOS DE AMERICA', 'SECTOR CASCO CENTRAL IZQUIERDA AVENIDA BOLIVAR. DERECHA CALLE 5. FRENTE CARRERA 13 FRENTE A LA PLAZA BOLIVAR Y DIAGONAL A LA CASA DE LA CULTURA FRANCISCO LAZO MARTÍ CASA', null, null, now(), now(), 5),
  (100301014, 'CASA DE LA CULTURA FRANCISCO LAZO MARTÍ', 'URBANIZACIÓN CASCO CENTRAL FRENTE CALLE 5. DERECHA CARRERA 12. IZQUIERDA CARRERA 13 FRENTE A LA PLAZA BOLÍVAR CASA', null, null, now(), now(), 5),
  (100301015, 'GRUPO ESCOLAR PEDRO ITRIAGO CHACIN', 'URBANIZACIÓN BANCO OBRERO DERECHA CALLE 1 DE LA TRINIDAD. IZQUIERDA CALLE 13 DE LA TRINIDAD. FRENTE CARRERA 16 DIAGONAL A LA CANCHA DEPORTIVA CASA', null, null, now(), now(), 5),
  (100301016, 'GRUPO ESCOLAR RAMON FRANCISCO FEO', 'SECTOR CASCO CENTRAL DERECHA CALLE 8. IZQUIERDA CARRETERA NACIONAL. FRENTE CARRERA 4 AL FINAL DE LA CARRERA 4 EDIFICIO', null, null, now(), now(), 5),
  (100301017, 'GRUPO ESCOLAR OTONIEL GUGLIETA', 'BARRIO LA TRINIDAD FRENTE CALLE 5. DERECHA CARRERA 5. IZQUIERDA CARRERA 6 AL FRENTE DEL CENTRO DIAGNÓSTICO INTEGRAL CASA', null, null, now(), now(), 5),
  (100301018, 'ESCUELA BASICA CC-25 SOCORRO DE PORTUGUESA', 'CASERÍO SOCORRO DE PORTUGUESA DERECHA CALLE MARILIN BRIZUELA. IZQUIERDA CALLE CASA DE LA SEÑORA ZAPATA. FRENTE CALLE PRINCIPAL A LA ORILLA DEL RIO PORTUGUESA CASA', null, null, now(), now(), 5),
  (100301019, 'ESCUELA BOLIVARIANA LECHERITO 5', 'CASERÍO LECHERITO 5 DERECHA CALLE PLANTA DE AGUA POTABLE. FRENTE CALLE PRINCIPAL DEL ASENTAMIENTO VIEJO. IZQUIERDA CAMINO SALIDA A CALABOZO PLANTA DE AGUA POTABLE QUE QUEDA DETRAS DE LA ESCUELA CASA', null, null, now(), now(), 5),
  (100301020, 'CONCENTRACION ESCOLAR CC-03 PALO SECO', 'CASERÍO PALO SECO FRENTE CALLE ALTAMIRA. DERECHA CALLEJÓN ALTAMIRA. IZQUIERDA CALLEJÓN ALTAMIRA ENTRADA AL CASERIO CASA', null, null, now(), now(), 5),
  (100301021, 'LICEO FRANCISCO DE MIRANDA', 'URBANIZACIÓN FRANCISCO DE MIRANDA FRENTE AVENIDA 7. DERECHA CALLE 3. IZQUIERDA CALLE PRIMERO DE MAYO CALLE 7 SECTOR FRANCISCO DE MIRANDA CASA', null, null, now(), now(), 5),
  (100301022, 'ESCUELA BOLIVARIANA PIRITU', 'CASERÍO PIRITU DERECHA CALLE REAL. IZQUIERDA CALLE PRINCIPAL. FRENTE CALLE LOS ESTUDIANTES DESPUES DEL PUENTE ORITUCO A 9 KILOMETROS. CASA', null, null, now(), now(), 5),
  (100301023, 'UNIDAD EDUCATIVA JUAN EDUVIGES LEDEZMA ALVAREZ', 'BARRIO CARUTAL 1A DERECHA CALLE CARUTAL. IZQUIERDA CALLE 1 CARUTAL. FRENTE CALLE PRINCIPAL CALLE PRINCIPAL CARUTAL CASA', null, null, now(), now(), 5),
  (100301024, 'ESCUELA BOLIVARIANA CC-71 COROZOPANDO NER-485', 'CASERÍO CORAZOPANDO IZQUIERDA CALLE HATO LA FE. FRENTE CARRETERA VIA SAN FERNANDO. DERECHA CALLEJÓN HATO LA FE FRENTE A LA GUARDIA NACIONAL CASA', null, null, now(), now(), 5),
  (100301026, 'ESCUELA ESTADAL C-41 LAS BARBAS', 'CASERÍO LAS BARBAS DERECHA CALLE BODEGA DEL SEÑOR MORLIS. IZQUIERDA CALLE CASA DE LA SEÑORA SONIA. FRENTE CALLE PRINCIPAL CASERIO LAS BARBAS CASA', null, null, now(), now(), 5),
  (100301027, 'ESCUELA ESTADAL CC-14 NER-016', 'CASERÍO SANTA MARIA DE TIZNADO DERECHA CALLE SALIDA A CALABOZO. FRENTE CALLE PRINCIPAL. IZQUIERDA CARRETERA VIA EL SOCORRO DE PORTUGUEZA SALIDA A CALABOZO CASA', null, null, now(), now(), 5),
  (100301028, 'ESCUELA ESTADAL C-20 LOS ANDRESEROS', 'CASERÍO LOS ANDRESEROS DERECHA CALLE AL AMBULATORIO. FRENTE CARRETERA PRINCIPAL. IZQUIERDA CAMINO CAMINO A LA VIA FRANCO RODRIGUEZ A 50 METROS DEL AMBULATORIO CASA', null, null, now(), now(), 5),
  (100301029, 'UNIDAD EDUCATIVA JUAN GERMAN ROSCIO', 'URBANIZACIÓN CANAFISTOLA DERECHA CALLE ENTRADA A LA URBANIZACION. IZQUIERDA CALLE SALIDA DE LA URBANIZACION. FRENTE CALLE 1 URBANIZACION CAÑAFISTOLA CASA', null, null, now(), now(), 5),
  (100301030, 'JARDIN DE INFANCIA MARIA TERESA DEL TORO', 'URBANIZACIÓN CAÑAFISTOLA FRENTE AVENIDA PRINCIPAL. DERECHA CALLE 1C. IZQUIERDA CALLEJÓN SECTOR 1 DIAGONAL A UN RESTAURATE DE CARNE EN VARA CASA', null, null, now(), now(), 5),
  (100301036, 'NUCLEO EDUCACION UNIVERSIDAD ROMULO GALLEGOS', 'BARRIO MERECURITO DERECHA AVENIDA OCTAVIO VIANA. IZQUIERDA AVENIDA 23 DE ENERO. FRENTE AVENIDA PROLONGACION DE LA 23 DE ENERO AVENIDA OCTAVIO VIANA EDIFICIO', null, null, now(), now(), 5),
  (100301037, 'ESCUELA DE NIÑOS ESPECIALES', 'URBANIZACIÓN CENTRO ADMINISTRATIVO DERECHA AVENIDA CENTRO ADMINISTRATIVO. IZQUIERDA AVENIDA AVENIDA 2. FRENTE AVENIDA PRINCIPAL AL LADO DEL CUERPO DE INVESTIGACIONES CIENTÍFICAS PENALES CRIMINALÍSTICAS CASA', null, null, now(), now(), 5),
  (100301038, 'ESCUELA BASICA ANDRES BELLO', 'BARRIO ANDRES ELOY BLANCO IZQUIERDA AVENIDA ANDRES ELOY BLANCO. DERECHA CALLE PRINCIPAL. FRENTE CALLE ZAMORA MISION DE LA TRINIDAD CALLE ZAMORA S/N CASA', null, null, now(), now(), 5),
  (100301039, 'CENTRO EDUCATIVO INICIAL ANTONIO JOSE DE SUCRE', 'URBANIZACIÓN FRANCISCO DE MIRANDA SECTOR 3 DERECHA CALLE 5. FRENTE CALLE 5. IZQUIERDA VEREDA 15 A 50 METROS DEL CIRCUITO JUDICIAL PENAL CASA', null, null, now(), now(), 5),
  (100301040, 'UNIDAD EDUCATIVA GRAN MARISCAL DE AYACUCHO', 'BARRIO VERITA DERECHA CALLE 9. IZQUIERDA CALLE 8 AL FINAL. FRENTE CARRERA 24 DIAGONAL A LA CANCHA DEPORTIVA EDIFICIO', null, null, now(), now(), 5),
  (100301042, 'UNIDAD EDUCATIVA VIRGEN MILAGROSA', 'BARRIO VICARIO 3 CALLE 7 IZQUIERDA CALLE PRINCIPAL. FRENTE CALLE 7. DERECHA CALLEJÓN 1 VICARIO 3 CALLE PRINCIPAL CASA', null, null, now(), now(), 5),
  (100301043, 'ESCUELA NUESTRA SEÑORA DE LOS DOLORES', 'BARRIO MODESTO FREITES DERECHA CALLE BARRIO NEGRO PRIMERO. IZQUIERDA CALLE EL BARRIO PRIMERO DE MAYO. FRENTE CALLE PRINCIPAL DESTRAS DE LICEO FRANCISCO DE MIRANDA CASA', null, null, now(), now(), 5),
  (100301044, 'UNIDAD EDUCATIVA BICENTENARIO DE LAS AMERICAS', 'CONJUNTO RESIDENCIAL CIUDADELA TENIENTE NICOLAS HURTADO BARRIOS IZQUIERDA AVENIDA NICOLAS HURTADO BARRIOS. DERECHA CALLE SALIDA DEL CONJUNTO RESIDENCIAL. FRENTE CALLE PRINCIPAL AL FRENTE DE CONTRUPATRIA CASA', null, null, now(), now(), 5),
  (100301045, 'UNIDAD EDUCATIVA SIMON BOLIVAR', 'BARRIO VICARIO II IZQUIERDA CALLE PRINCIPAL DEL CENTRO DIAGNÓSTICO INTEGRAL. FRENTE CALLE PRINCIPAL. DERECHA CARRETERA CANAFISTOLA AL LADO DEL CENTRO DIAGNÓSTICO INTEGRAL EDIFICIO', null, null, now(), now(), 5),
  (100301046, 'ESCUELA BASICA ANTONIO ESTEVEZ', 'BARRIO CRUZ DEL PERDON DERECHA CALLE CRUZ DEL PERDON. IZQUIERDA CALLE DEL BARRIO BRISAS DEL COLEO. FRENTE CALLE 3 A 2OO METROS DEL POLIDEPORTIVO EDIFICIO', null, null, now(), now(), 5),
  (100301047, 'ESCUELA TECNICA COMERCIAL DOCTOR RAFAEL LORETO LORETO', 'BARRIO MISION DE LOS ANGELES DERECHA CALLE 8. IZQUIERDA CALLE 7. FRENTE CARRERA 4 DIAGONAL AL INSTITUTO PREVISICIÓN Y ASISTENCIA SOCIAL DEL PERSONAL DEL MINISTERIO DE EDUCACIÓN (IPASME) EDIFICIO', null, null, now(), now(), 5),
  (100301048, 'UNIDAD EDUCATIVA NACIONAL DOCTOR JOSE MARIA VARGAS', 'BARRIO VICARIO IV SECTOR HUGO DE LOS REYES DERECHA CALLE PRINCIPAL LOS INDIOS. IZQUIERDA CALLE VICARIO 4. FRENTE CALLE PRINCIPAL FRENTE A LA ARROCERA COMAINCA CASA', null, null, now(), now(), 5),
  (100301049, 'ESCUELA BASICA ESTADAL LA MATICA', 'CASERÍO RECREO 2 DERECHA CARRETERA VIA ORITUCO. IZQUIERDA CARRETERA ENTRADA CALABOZO. FRENTE CARRETERA NACIONAL VIA PASO ORITUCO FRENTE A LA FINCA MORROCOY CASA', null, null, now(), now(), 5),
  (100301050, 'CENTRO DE EDUCACION INICIAL DOCTOR GUSTAVO HURDANETA DELGADO', 'URBANIZACIÓN CENTRO ADMINISTRATIVO FRENTE AVENIDA QUINTA AVENIDA. IZQUIERDA CALLE PINTO SALINAS. DERECHA CARRETERA NACIONAL HOSPITAL DOCTOR FRANCISCO JOSÉ URDANETA DELGADO CASA', null, null, now(), now(), 5),
  (100301051, 'ESCUELA TECNICA INDUSTRIAL DOCTOR HUMBERTO FERNANDEZ MORAN', 'URBANIZACIÓN SIMON RODRIGUEZ DERECHA AVENIDA PRINCIPAL. IZQUIERDA CALLE 13. FRENTE CALLE 3 AL FRENTE DE LA IGLESIA CRISTO REY CASA', null, null, now(), now(), 5),
  (100301053, 'UNIDAD EDUCATIVA BOLIVARIANA LECHERITO 2', 'CASERÍO LECHERITO 2 DERECHA CALLE LA ULTIMA. IZQUIERDA CALLE 4. FRENTE CALLE 3 DIAGONAL AL MODULO SALUD CASA', null, null, now(), now(), 5),
  (100301054, 'CENTRO DE VOTACION LOS APRETAITOS', 'BARRIO BARRIO LOS APRETAITOS DERECHA CALLE GERIATRICO. IZQUIERDA CALLE INAS. FRENTE CAMINO TERRENOS BARDIOS INAS', null, null, now(), now(), 5),
  (100301055, 'CENTRO DE VOTACION 4 DE FEBRERO', 'BARRIO BARRIO 4 DE FEBRERO FRENTE CALLE CASA DE FAMILIA. DERECHA CAMINO TERRENOS VALDIOS. IZQUIERDA CAMINO TERRENOS VALDIOS AL FRENTE DE BODEGA KASANDRA', null, null, now(), now(), 5),
  (100301056, 'CENTRO DE VOTACION ELENA DE CHAVEZ', 'BARRIO BARRIO ELENA DE CHAVEZ DERECHA CALLE WILLIAMS LARA. IZQUIERDA CALLE PRINCIAL. FRENTE CARRETERA NACIONAL VIA AL SOMBRERO FRENTE DE LA SIMON BOLIVAR', null, null, now(), now(), 5),
  (100301057, 'CENTRO DE VOTACION RAFAEL URFANETA', 'BARRIO RAFAEL URDANETA DERECHA CALLE CASA DE FAMILIA. FRENTE CALLE CASA DE FAMILIA. IZQUIERDA CAMINO TERRENOS BARDIOS CONSEJO COMUNAL EL PERRO', null, null, now(), now(), 5),
  (100301058, 'CENTRO DE VOTACION NEGRO PRIMERO', 'BARRIO BARRIO NEGRO PRIMERO FRENTE CALLE 7. DERECHA CARRERA 3. IZQUIERDA CARRERA 2 ESCUELA PEDRO CAMEJO', null, null, now(), now(), 5),
  (100301059, 'CONSULTORIO POPULAR CAMPO ALEGRE', 'CAMPO ALEGRE, CALLE 9 CON CARRERA 12', null, null, now(), now(), 5),
  (100301060, 'ESCUELA DE EDUCACIÓN INICIAL CECILILO ACOSTA', 'MEREYAL CALLE PRINCIPAL SECTOR AIRES DE ESPERANZA', null, null, now(), now(), 5),
  (100301061, 'ESCUELA BASICA CREACIÓN SAN JOSE', 'BARRIO SAN JOSE , SECTOR 1 , MANZANA A-12 DIAGONAL A LA CANCHA DE FUTBOL', null, null, now(), now(), 5),
  (100301062, 'ESCUELA BASICA CREACION NICARAGUA', 'BARRIO NICARAGUA, CARRERA 6 CON CALLE 10 Y 11', null, null, now(), now(), 5),
  (100301063, 'NER-016 CREACIÓN COROMOTO', 'BARRIO COROMOTO, CARRERA 5 CON CALLE 2 AL FRENTE DEL GALPON COMUNAL', null, null, now(), now(), 5),
  (100302001, 'ESCUELA NACIONAL CONCENTRADA NUMERO 178-1778 EL CALVARIO', 'CASERÍO EL CALVARIO DERECHA CALLE PAEZ. IZQUIERDA CALLE BOLIVAR. FRENTE CALLE RECAUTE A UNA CUADRA DEL REGISTRO CIVIL PARROQUIAL CASA', null, null, now(), now(), 6),
  (100303001, 'ESCUELA BOLIVARIANA FELIPE DAGER', 'CASERÍO EL RASTRO IZQUIERDA CALLE LA PLAZA PAEZ. FRENTE CALLE FINAL CALLE MONSEÑOR ALVAREZ. DERECHA CALLEJÓN MONSEÑOR ALVAREZ FRENTE A LA PLAZA BOLIVAR CASA', null, null, now(), now(), 7),
  (100303002, 'ESCUELA BASICA CREACION EL RASTRO', 'CASERÍO EL RASTRO DERECHA CALLE MONSEÑOR ALVAREZ. FRENTE CALLE PAEZ FRENTE DE LA PLAZA PAEZ CASA', null, null, now(), now(), 7),
  (100303004, 'ESCUELA BASICA LA REPRESA', 'CASERIO LA REPRESA SIMON BOLIVAR, CALLE LA FLORES', null, null, now(), now(), 7),
  (100304001, 'GRUPO ESCOLAR FRANCISCO CONDE', 'CASERÍO GUARDATINAJAS IZQUIERDA CALLE PRINCIPAL DE GUARDATINAJAS. FRENTE CALLE BOLIVAR. DERECHA CARRETERA NACIONAL DE CALABOZO AL LADO DE LA UNIDAD EDUCATIVA DOCTOR LUIS JOSE ACOSTA RODRIGUEZ CASA', null, null, now(), now(), 8),
  (100304002, 'ESCUELA ESTADAL CC-17 MONTE OSCURO', 'CASERÍO MONTE OSCURO FRENTE CALLE PRINCIPAL. IZQUIERDA CAMINO A UNOS CASERIOS AL FRENTE DE LA PLAZA BOLÍVAR CASA', null, null, now(), now(), 8),
  (100304003, 'UNIDAD EDUCATIVA DOCTOR LUIS JOSE ACOSTA RODRIGUEZ', 'CASERÍO GUARDATINAJAS IZQUIERDA CALLE CALLE BOLIVAR. FRENTE CALLE BOLIVAR. DERECHA CAMINO CASERIO DE LA FAMILIA BOLIVAR AL LADO DEL DISPENSARIO RURAL CASA', null, null, now(), now(), 8),
  (100304004, 'CENTRO DE VOTACION BARRIO ABAJO', 'CASERÍO GUARDATINAJAS DERECHA CALLE TERRENOS BALDIOS. IZQUIERDA CALLE CASA DE FAMILIA. FRENTE CALLE VIA LA TAHONA VIA LA TAHONA', null, null, now(), now(), 8),
  (100401001, 'ESCUELA BASICA ROMULO GALLEGOS', 'SECTOR PEÑA DE MOTA FRENTE CARRETERA CARRETERA NACIONAL VIA PARQUE NACIONAL GUATOPO. IZQUIERDA CALLEJÓN NO POSEE NOMBRE. DERECHA PICA PICA QUE SE UTILIZA PARA ENTRAR AL SECTOR URBANIZACION PEÑA DE MOTA SECTOR LOS GUAIQUERIES CASA', null, null, now(), now(), 9),
  (100401018, 'ESCUELA PRE-VOCACIONAL CAP MONSEÑOR SIXTO SOSA', 'URBANIZACIÓN ENTRADA EL DIAMANTE FRENTE A LA PASARELA IZQUIERDA CALLE CALLE PRINCIPAL ENTRA A LA URBANIZACION EL DIAMANTE. FRENTE CARRERA CARRETERA NACIONAL VIA ORIENTE. DERECHA PASAJE ESCUELA BASICA ALTAGRACIA CARRETERA NACIONAL VIA ORIENTE. FRENTE AL', null, null, now(), now(), 9),
  (100401019, 'ESCUELA BASICA LA CUMANA', 'SECTOR LA CUMANA FRENTE CALLE CHAPAIGUANA SUR. IZQUIERDA CALLEJÓN BUENOS AIRES CERCA DEL INSTITUTO DE PREVISIÓN Y ASISTENCIA SOCIAL DEL PERSONAL DEL MINISTERIO DE EDUCACIÓN, AL LADO DE LA CANCHA CASA', null, null, now(), now(), 9),
  (100401002, 'ESCUELA BASICA LOS GUAIQUERIES', 'SECTOR GUAIQUERIES DERECHA CALLE PRINCIPAL. IZQUIERDA CALLE NRO. 6. FRENTE CALLE RESIDENCIAS SECTOR LOS GUAIQUERIES CALLE PRINCIPAL FRENTE A RESIDENCIAS ALTAGRACIA CASA', null, null, now(), now(), 9),
  (100401003, 'ESCUELA BASICA ABELARDO MENDEZ', 'URBANIZACIÓN JOSE FRANCISCO TORREALBA IZQUIERDA CALLE JOSE FRANCISCO TORREALBA. FRENTE TRANSVERSAL ESQUINA ROMUALDA. DERECHA BULEVAR PLAZA CAMORUCO CERCA DEL MÓDULO DE SALUD CASA', null, null, now(), now(), 9),
  (100401004, 'ESCUELA BASICA BOLIVARIANA ORITUCO', 'URBANIZACIÓN TRICENTENARIO II IZQUIERDA CALLEJÓN SIN NOMBRE. FRENTE CALLEJÓN SIN SALIDA SECTOR TRICENTENARIO II CASA', null, null, now(), now(), 9),
  (100401005, 'ESCUELA BASICA JOSE TADEO MONAGAS', 'SECTOR TRICENTENARIO 1 DERECHA CALLE SUCRE. IZQUIERDA CALLE PRINCIPAL DEL TRICENTENARIO 1. FRENTE CALLE SUCRE CON CALLE PRINCIPAL DEL TRICENTENARIO 1 A 200 METROS DEL MÓDULO DE LA POLICIA ESTADAL CASA', null, null, now(), now(), 9),
  (100401006, 'ESCUELA BASICA BOLIVARIANA GC-54 BOTALON', 'SECTOR BOTALON FRENTE CALLE PRINCIPAL. DERECHA TRONCAL TRONCAL 1. IZQUIERDA TRONCAL PARCELA 2 A 300 METROS DEL RIO ORITUCO CASA', null, null, now(), now(), 9),
  (100401007, 'ESCUELA BASICA JOSE RAMON CAMEJO', 'SECTOR CENTRO IZQUIERDA AVENIDA ILUSTRES PROCERES. DERECHA CALLE ADOLFO CHATAING. FRENTE CALLE LIBERTAD SECTOR CUMBITO EDIFICIO', null, null, now(), now(), 9),
  (100401008, 'UNIDAD EDUCATIVA LICEO DOCTOR RAMON BUENAHORA', 'SECTOR BRISAS DEL ESTE DERECHA CALLE VUELVANCARAS. FRENTE CALLE FINAL DE LA SIXTO SOSA ANTIGUA MANGA DE COLEO EDIFICIO', null, null, now(), now(), 9),
  (100401009, 'ESCUELA BASICA DR. JOSE FRANCISCO TORREALBA', 'SECTOR CALLE BOLIVAR SECTOR CENTRO DERECHA CALLE FINAL CALLE BOLIVAR. IZQUIERDA CALLE PARAISO. FRENTE CALLE BOLIVAR SUR CALLE BOLIVAR SUR SIN NUMERO CASCO CENTRAL EDIFICIO', null, null, now(), now(), 9),
  (100401010, 'UNIDAD EDUCATIVA JUAN BARNUEVO', 'SECTOR CASCO CENTRAL DERECHA CALLE ILUSTRE PROCERES. IZQUIERDA CALLE PELLON Y PALACIO. FRENTE CALLE SUCRE DIAGONAL AL MERCADO MUNICIPAL CASA', null, null, now(), now(), 9),
  (100401011, 'ESCUELA DE ARTES Y OFICIOS HIGINIO MORALES', 'SECTOR CHIMBORAZO DERECHA CALLE LIBERTAD. IZQUIERDA CALLE SANTIAGO GIL. FRENTE CALLE CHIMBORAZO DIAGONAL A LA CAPILLA EL CRISTO CASA', null, null, now(), now(), 9),
  (100401012, 'ESCUELA BASICA BOLIVARIANA GC-01 OROCOLLAL', 'CASERÍO OROCOLLAL FRENTE CALLE PRINCIPAL. IZQUIERDA CALLEJÓN OROCOLLAL. DERECHA VEREDA 7 A 200 METROS DEL PARQUE NACIONAL GUATOPO CASA', null, null, now(), now(), 9),
  (100401013, 'ESCUELA BASICA RUBEN HURTADO RODRIGUEZ', 'SECTOR IPARE FRENTE CARRERA CARRETERA NACIONAL VIA ORIENTE. DERECHA TRANSVERSAL NRO. 1. IZQUIERDA TRANSVERSAL NRO. 2 CALLE TRANSVERSAL I SECTOR IPARE DE ORITUCO CASA', null, null, now(), now(), 9),
  (100401014, 'ESCUELA BASICA PROSPERO INFANTE', 'SECTOR PAURAL 1 DERECHA CALLE DE TIERRA ENTRADA AL STADIUM PAURAL. FRENTE CALLE PRINCIPAL FRENTE AL MERCAL CASA', null, null, now(), now(), 9),
  (100401015, 'CENTRO DE SERVICIO SOCIAL MADRE CANDELARIA', 'SECTOR PAURAL FRENTE CARRETERA NACIONAL VIA ORIENTE DIAGONAL A UNA LICORERIA CASA', null, null, now(), now(), 9),
  (100401016, 'ESCUELA ESTADAL GC-3 TAGUAPIRE', 'SECTOR TAGUAPIRE IZQUIERDA CALLE ENTRADA A LA IGLESIA. FRENTE CARRETERA NACIONAL VIA ORIENTE. DERECHA PROLONGACIÓN FAMILIA LOPEZ A 1 KILOMETRO DE LA PLANTA TERMOELECTRICA CASA', null, null, now(), now(), 9),
  (100401017, 'ESCUELA BASICA ALTAGRACIA', 'URBANIZACIÓN EL DIAMANTE FRENTE CARRETERA NACIONAL VIA ORIENTE. IZQUIERDA SENDERO ESCUELA BASICA MONSEÑOR SIXTO SOSA FRENTE AL PARQUE FERIAL CASA', null, null, now(), now(), 9),
  (100401024, 'ESCUELA BASICA BOLIVARIANA GC-1525 JULIO ORTIZ', 'CASERÍO ALTO IPARE IZQUIERDA CALLE SECTOR LAS RURALES. DERECHA CARRETERA NACIONAL VIA ORINTE. FRENTE CARRETERA VIA MACAIRA A 100 METROS DE LA LICORERIA VAYA Y VENGA CASA', null, null, now(), now(), 9),
  (100401025, 'JARDIN DE INFANCIA SIMON BOLIVAR', 'URBANIZACIÓN EL DIAMANTE FRENTE AVENIDA 3. DERECHA CALLE NUMERO 15 A. IZQUIERDA CALLE TRANSVERSAL NUMERO 16 FRENTE AL STADIUN MUNICIPAL Y AVENIDA NUMERO 3 CASA', null, null, now(), now(), 9),
  (100401026, 'UNIDAD EDUCATIVA COLEGIO NUESTRA SRA DE ALTAGRACIA', 'URBANIZACIÓN LUIS HURTADO HIGUERA DERECHA CALLE SIN NÚMERO. IZQUIERDA CALLE FINAL HURTADO ASCANIO. FRENTE CALLE VEREDA 1 ESTE A UNA CUADRA DEL AUTO MERCADO LUCKY O FRENTE A LA MAESTRA DORA DE OSIO EDIFICIO', null, null, now(), now(), 9),
  (100401027, 'UNIDA EDUCATIVA SAN PABLO APOSTOL', 'SECTOR EL CUMBITO DERECHA CALLE JULIAN INFANTE. IZQUIERDA CALLE ADOLFO CHATEING. FRENTE CALLE PAEZ A 40 METROS DEL PARQUE CEDEÑO EDIFICIO', null, null, now(), now(), 9),
  (100401028, 'ESCUELA BASICA ANDRES BELLO', 'SECTOR PAURAL III FRENTE CALLE PRINCIPAL. DERECHA TRANSVERSAL 2. IZQUIERDA TRANSVERSAL 1 FRENTE AL CEMENTERIO NUEVO A 150 METROS DE LA ENTRADA PRINCIPAL CASA', null, null, now(), now(), 9),
  (100401029, 'ESCUELA BASICA SIMON RODRIGUEZ', 'SECTOR BRISAS DEL PEÑON DERECHA CALLE CARABOBO PROLONGACION FINAL (ESTE). FRENTE CALLE PRINCIPAL. IZQUIERDA CALLEJÓN SIN NÚMERO A 20 METROS DE LA PARADA DE LAS CAMIONETAS CASA', null, null, now(), now(), 9),
  (100401031, 'INSTITUTO NACIONAL DE CAPACITACION Y EDUCACION SOCIALISTA', 'SECTOR GUAIQUERIES DERECHA CALLE 3. IZQUIERDA CALLE 1. FRENTE CALLE 4 FRENTE AL PARQUE GUAIQUERIES CASA', null, null, now(), now(), 9),
  (100401033, 'CENTRO DE VOTACION HUGO RAFAEL CHAVEZ FRIAS', 'BARRIO BRISAS DEL ORITUCO FRENTE CALLE NRO 2. DERECHA PROLONGACIÓN LOS CORREA. IZQUIERDA CALLEJÓN SIN NOMBRE A 50 METROS DE LA SALA DE BATALLA SOCIAL COLINAS DE VISTA ALEGRE', null, null, now(), now(), 9),
  (100401036, 'CENTRO DE VOTACION EL BANCO DE GUANAPE', 'CASERÍO EL BANCO DE GUANAPE DERECHA SENDERO SIN NOMBRE. FRENTE CAMINO EL BANCO. IZQUIERDA PICA RIO ORITUCO A 500 METROS DE LA ESCUELA EL BANCO DE GUANAPE', null, null, now(), now(), 9),
  (100401037, 'CENTRO DE VOTACION VALLES DE PAURAL', 'URBANIZACIÓN VALLES DE PAURAL DERECHA CALLEJÓN FINQUITA. FRENTE SENDERO EL ESTADIO DE VALLES DE PAURAL. IZQUIERDA PICA SIN NOMBRE FRENTE AL ESTADIO DE VALLES DE PAURAL', null, null, now(), now(), 9),
  (100401038, 'CASA DE LA CULTURA JESUS BANDRES', 'CALLE PEYON Y PALACIOS SECTOR LA PLAYERA, CRUCE CON CALLE LAS PITAHALLAS', null, null, now(), now(), 9),
  (100401039, 'BASE DE MISIONES BRISA DE EZEQUIEL ZAMORA', 'CALLE PRINCIPAL SECTOR BRISAS DE EZEQUIEL ZAMORA AL FINAL CERCA DE LOS MANGOS', null, null, now(), now(), 9),
  (100401040, 'BASE DE MISIONES EL ROBLE', 'ENTRADA DEL CASERÍO EL ROBLE', null, null, now(), now(), 9),
  (100401041, 'BASE DE MISIONES LA MANO DE DIOS', 'CALLE PRINCIPAL SECTOR SAN JOSE', null, null, now(), now(), 9),
  (100401042, 'CEI JOSEFA MARIA RAMIREZ', 'SECTOR FIDEL MARÍN CALLE PRINCIPAL', null, null, now(), now(), 9),
  (100402001, 'UNIDAD EDUCATIVA JESUS BANDRES', 'SECTOR ACAPRAL FRENTE CARRETERA NACIONAL VIA ALTAGRACIA DE ORITUCO. DERECHA PICA FINCA HERMANOS GONZALEZ. IZQUIERDA PICA ENTRADA AL RIO ORITUCO A 500 METROS DEL MÓDULO ASISTENCIAL CASA', null, null, now(), now(), 10),
  (100402002, 'ESCUELA BASICA GC-17 LOS NEGROS', 'CASERÍO LOS NEGROS FRENTE CALLE VENEZUELA. DERECHA CARRETERA IGLESIA EVANGELICA. IZQUIERDA CALLEJÓN SIN NOMBRE FRENTE A LA CANCHA DEPORTIVA DE LA COMUNIDAD CASA', null, null, now(), now(), 10),
  (100402003, 'ESCUELA NACIONAL GC-35 LA ESPERANZA', 'CASERÍO LA ESPERANZA FRENTE CALLE PRINCIPAL. IZQUIERDA SENDERO 3. DERECHA TRONCAL 1 AL LADO DE LA IGLESIA CASA', null, null, now(), now(), 10),
  (100402004, 'ESCUELA BASICA CONCENTRADA GC BELLAS BRISAS', 'URBANIZACIÓN TRICENTENARIO SECTOR LAS CASITAS DERECHA CALLE VALDEZ. FRENTE CALLE MIRANDA CERCA DE LAS TORRES ELECTRICA CASA', null, null, now(), now(), 10),
  (100402005, 'ESCUELA BASICA GC PUNTERAL', 'CASERÍO PUNTERAL IZQUIERDA CALLE BOLIVAR. FRENTE CALLE PRINCIPAL A 4 KILOMETROS DESPUES DEL TALADRO YUCAL EL PLACER CASA', null, null, now(), now(), 10),
  (100402006, 'ESCUELA GC-11 LA MORITA', 'CALLE PRINCIPAL CASERÍO LA MORITA', null, null, now(), now(), 10),
  (100403001, 'ESCUELA ESTADAL GC-34 LIBERTAD', 'CASERÍO LIBERTAD DE ORITUCO DERECHA CALLE SIN NOMBRE. FRENTE CALLE BOLIVAR FRENTE A LA PLAZA BOLIVAR CASA', null, null, now(), now(), 11),
  (100403002, 'CONCENTRACION ESCOLAR G-42 SAMANITO', 'CASERÍO SAMANITO DERECHA CALLE NUEVA. IZQUIERDA CALLE LUCITA RODRIGUEZ. FRENTE CALLE ANDREA SALAZAR EN EL CASCO DEL CASERO CASA', null, null, now(), now(), 11),
  (100404001, 'GRUPO ESCOLAR MACAIRA', 'SECTOR CENTRO FRENTE CALLE PRINCIPAL. DERECHA CARRETERA MACAIRA. IZQUIERDA TROCHA NO POSEE NOMBRE FRENTE A LA PLAZA BOLIVAR EDIFICIO', null, null, now(), now(), 12),
  (100404002, 'ESCUELA MIXTA 196 JABILLAL DE MACAIRA', 'CASERÍO JABILLAL DE MACAIRA FRENTE CALLE EL BAJO. DERECHA CARRETERA VIA SABANA GRANDE DE ORITUCO 100 METROS DE LA ENTRA PRINCIPAL FRENTE AL TANQUE DE LA COMUNIDAD O AMBULATORIO DE SALUD CASA', null, null, now(), now(), 12),
  (100404003, 'CENTRO DE VOTACION MORRO ARRIBA', 'CASERÍO EL MORRO ARRIBA FRENTE CALLE PRINCIPAL MORRO ARRIBA. IZQUIERDA VEREDA ESCUELITA. DERECHA PICA SIN NOMBRE A 20 METROS DE LA ESCUELA GC 26 EL MORRO', null, null, now(), now(), 12),
  (100404004, 'GC-49 TURMERINO DE MACAIRA', 'CALLE PRINCIPAL CASERÍO TURMERINO DE MACAIRA', null, null, now(), now(), 12),
  (100405001, 'GRUPO ESCOLAR LUISA ROJAS DE GONZALEZ', 'SECTOR CANTA RANA AGUA FRIA DERECHA CALLE SANTIAGO MARIÑO. IZQUIERDA CALLE GRAN COLOMBIA. FRENTE CALLE URDANETA A 300 METROS DE LA IGLESIA PARROQUIAL CASA', null, null, now(), now(), 13),
  (100405002, 'CONCENTRACION ESCOLAR GC-8 TUIRA PILONCITO', 'CASERÍO TUIRA DERECHA CALLE EL TANQUE. FRENTE CALLE PRINCIPAL. IZQUIERDA CALLEJÓN SIN NOMBRE A 2 KILOMETRO DE LA CARRETERA NACIONAL VIA SAN JUAN DE LOS MORROS CASA', null, null, now(), now(), 13),
  (100405003, 'UNIDAD EDUCATIVA BOLIVARIANA EZEQUIEL ZAMORA', 'SECTOR LAS CASITAS DERECHA CALLE LOS JABILLOS. IZQUIERDA CALLE LOS SAMANES. FRENTE CALLE PRINCIPAL LOS FISCOS MODULO BARRIO ADENTRO, DETRAS DEL TERRENO MUNICIPAL CASA', null, null, now(), now(), 13),
  (100406001, 'UNIDAD EDUCATIVA NACIONAL BOLIVARIANA DOCTOR PEDRO MARÍA ARÉVALO', 'CASERÍO SABANA GRANDE DE ORITUCO IZQUIERDA CALLE AVENIDA 23 DE ENERO. FRENTE CALLE PRINCIPAL A 200 METROS DE LA ANTENA DE CANTV EDIFICIO', null, null, now(), now(), 14),
  (100406002, 'ESCUELA BASICA GC-45 ORUZ DE PALMARITO', 'CASERÍO ORUZ DE LAS COCUIZAS DERECHA CALLE PRINCIPAL. IZQUIERDA CALLE SAN JOSE. FRENTE CARRETERA VIA SABANA GRANDE DE ORITUCO AL LADO DE MODULO DE SALUD O TANQUE DE AGUA DE LA COMUNIDAD CASA', null, null, now(), now(), 14),
  (100406003, 'ESCUELA UNITARIA NÚMERO 5 TUCUPIDO ARAGORT', 'CASERÍO TUCUPIDO ARAGORT FRENTE CALLE PRINCIPAL. IZQUIERDA VEREDA IGLESIA DE LA COMUNIDAD EN EL CASERIO CASA', null, null, now(), now(), 14),
  (100406004, 'ESCUELA BASICA BOLIVARIANA GC-21 ARENITAS', 'CASERÍO ARENITA IZQUIERDA CALLE CIEGA. FRENTE CALLE PRINCIPAL. DERECHA CARRETERA VIA ORIENTE A 50 METROS DE LA CARRETERA NACIONAL ALTAGRACIA-SAN JOSE DE GUARIBE CASA', null, null, now(), now(), 14),
  (100407001, 'ESCUELA DOCTOR BENITO GUTIERREZ LOPEZ', 'SECTOR CENTRO DERECHA CALLE BOLIVAR. FRENTE CALLE TAMANACO. IZQUIERDA CARRETERA NACIONAL VIA ORINTE FRENTE A LA PLAZA BOLIVAR CASA', null, null, now(), now(), 15),
  (100407002, 'ESCUELA ESTADAL CONCENTRADA GC-22 SAN ANTONIO DE TAMANACO', 'CASERÍO SAN ANTONIO DE TAMANACO IZQUIERDA CALLE SECTOR LA PLAZA. FRENTE CARRETERA VIA CHAGUARAMA - PASO REAL. DERECHA CALLEJÓN SIN NOMBRE EN EL CASCO DEL CASERIO CASA', null, null, now(), now(), 15),
  (100407003, 'UNIDAD EDUCATIVA NACIONAL PATRIA NUEVA', 'SECTOR EL LICEO FRENTE CALLE EL LICEO. DERECHA CALLEJÓN CANCHA DEPORTIVA. IZQUIERDA CALLEJÓN SIN NOMBRE CARRETERA NACIONAL VIA ORIENTE FRENTE A LA FAMILIA LIENDO PALMA CASA', null, null, now(), now(), 15),
  (100501001, 'ESCUELA BASICA NARCISO LOPEZ CAMACHO', 'SECTOR EL TRANQUERO DERECHA CALLE MONAGAS. IZQUIERDA CALLE BERMUDEZ. FRENTE CALLE PARIAGUAN FRENTE AL MÓDULO DE SALUD CDI EDIFICIO', null, null, now(), now(), 16),
  (100501023, 'PRE-ESCOLAR BOLIVARIANO NARCISO LOPEZ CAMACHO', 'BARRIO EL TRANQUERO DERECHA CALLE MONAGAS. IZQUIERDA CALLEJÓN ATLANTIC A 20 METROS DEL LICEO VICTOR MANUEL OVALLES EDIFICIO', null, null, now(), now(), 16),
  (100501024, 'UNIDAD EDUCATIVA NACIONAL JOSE CALIXTO MORIN', 'SECTOR BANCO OBRERO DERECHA CALLE BOLIVAR. IZQUIERDA CALLE ROSCIO. FRENTE CALLE REHABILITACION CANCHA ARTURO ALVAREZ EDIFICIO', null, null, now(), now(), 16),
  (100501025, 'ESCUELA DE ESPECIALIDADES VICTORIO CABEZA', 'BARRIO SAN PABLO DERECHA CALLE ROSCIO. IZQUIERDA CALLE MONAGAS. FRENTE CALLE PARIAGUAN A 20 METROS DE ALCALDIA EDIFICIO', null, null, now(), now(), 16),
  (100501002, 'GRUPO ESCOLAR FELIX ANTONIO SAA', 'BARRIO SAN JOSE DERECHA CALLE PAEZ. IZQUIERDA CALLE GUAICAIPURO. FRENTE CALLE SAN PABLO DIAGONAL A OFICINA DE DESARROLLO SOCIAL EDIFICIO', null, null, now(), now(), 16),
  (100501003, 'ESCUELA BASICA EC-45 LEONES DE FAJARDO', 'CASERÍO LOS LEONES FRENTE CARRETERA VIA SAN GERONIMO. DERECHA CARRERA FAMILIA HERNANDEZ. IZQUIERDA CAMINO FAMILIA TORREALBA CRUCE VIA BELLA VISTA EDIFICIO', null, null, now(), now(), 16),
  (100501004, 'LICEO BOLIVARIANO VICTOR MANUEL OVALLES', 'SECTOR RIVERO DERECHA CALLE RIVERO A. IZQUIERDA CALLEJÓN RIBAS ANTIGUO TERMINAL DE PASAJEROS EDIFICIO', null, null, now(), now(), 16),
  (100501005, 'ESCUELA BASICA UNITARIA E-20 PARATE BUENO', 'CASERÍO PARATE BUENO FRENTE CARRETERA VIA LAS PALMAS. DERECHA CARRERA FAMILIA ROJAS. IZQUIERDA CAMINO CAMACHO VIA LAS PALMAS-SAMANCITO CASERIO PARATE BUENO CASA', null, null, now(), now(), 16),
  (100501006, 'ESCUELA BOLIVARIANA SAN VICENTE', 'CASERÍO JABILLO FRENTE CARRETERA VIA SOLEDAD Y BONANZA. DERECHA CAMINO FAMILIA HERNANDEZ. IZQUIERDA CAMINO FAMILIA GARCIA PARADA A LA SALIDA DE LOMA DE PIEDRA EDIFICIO', null, null, now(), now(), 16),
  (100501007, 'ESCUELA ESTADAL ROBLECITO', 'CASERÍO ROBLECITO FRENTE CARRETERA VIA SAN RAFAEL DE LAYA. DERECHA CAMINO FAMILIA ORTEGA. IZQUIERDA CAMINO FAMILIA ACASME A 50 METROS DE LA FAMILA ACASME CASA', null, null, now(), now(), 16),
  (100501008, 'ESCUELA NACIONAL BOLIVARIANA BELLA VISTA', 'CASERÍO BELLA VISTA DERECHA CALLE NUMERO 2. IZQUIERDA CALLE PRINCIPAL. FRENTE CARRETERA NACIONAL EL SOCORRO -LA PASCUA CENTRO DEL CASERIO EDIFICIO', null, null, now(), now(), 16),
  (100501009, 'UNIDAD EDUCATIVA BOLIVARIANA NACIONAL CARO DE LA NEGRA', 'CASERÍO CARO DE LA NEGRA DERECHA CARRETERA VIA EL CIGARRON. FRENTE CARRETERA NACIONAL. IZQUIERDA CALLEJÓN FAMILIA TREJO ANTIGUO MODULO DE SALUD EDIFICIO', null, null, now(), now(), 16),
  (100501010, 'ESCUELA BOLIVARIANA EC-17 CAMACHO', 'CASERÍO CAMACHO FRENTE CALLE PRINCIPAL. DERECHA CAMINO FAMILIA ROJAS. IZQUIERDA CAMINO FAMILIA NAVAS CERCA DE PLANTA DE TRATAMIENTO EDIFICIO', null, null, now(), now(), 16),
  (100501011, 'ESCUELA ESTADAL UNITARIA E-25 CERRO GRANDE', 'CASERÍO CERRO GRANDE FRENTE CARRERA VIA EL MEDANO. DERECHA CAMINO FAMILIA MORENO. IZQUIERDA CAMINO FAMILIA LANDAETA PUENTE LOS NEGROS VIA LAS LAGUNITAS EDIFICIO', null, null, now(), now(), 16),
  (100501012, 'UNIDAD EDUCATIVA BOLIVARIANA PEDRO DEL CORRAL', 'BARRIO EL SOL DERECHA CALLE BERMUDEZ. IZQUIERDA CALLE MADARIAGA. FRENTE CALLE PEREZ RENGIFO PLAZA EL SOL EDIFICIO', null, null, now(), now(), 16),
  (100501013, 'ESCUELA BOLIVARIANA EC-7 EL JOBO', 'CASERÍO EL JOBO DERECHA CARRERA VIA EL DOS. IZQUIERDA CALLEJÓN LA REPRESA. FRENTE BULEVAR EL JOBO PLAZA EL JOBO EDIFICIO', null, null, now(), now(), 16),
  (100501014, 'ESCUELA BASICA ARTURO ALVAREZ ALAYON', 'SECTOR LAS RURALES FRENTE CALLE ROSCIO FINAL ESTE. DERECHA CALLEJÓN SACO 3. IZQUIERDA CALLEJÓN SAN FRANCISCO FRENTE A CANCHA EL MORIN EDIFICIO', null, null, now(), now(), 16),
  (100501015, 'UNIDAD EDUCATIVA DC-23 SAN JOSE DE PUÑO DE ORO', 'CASERÍO PUÑO DE ORO FRENTE CARRETERA VIA CACHIPO. DERECHA CAMINO FAMILIA MARTINEZ. IZQUIERDA CAMINO FAMILIA FIGUEROA CARRETERA VIA LA PASCUA-TUCUPIDO EDIFICIO', null, null, now(), now(), 16),
  (100501016, 'ESCUELA E-12 CHAPARRAL', 'CASERÍO CHAPARRAL FRENTE CARRETERA VIA MACOYA. DERECHA CAMINO FAMILIA GOMEZ. IZQUIERDA CAMINO LOS CARAPAS CAMPO PETROLERO MACOYA EDIFICIO', null, null, now(), now(), 16),
  (100501017, 'ESCUELA BASICA NACIONAL BOLIVARIANA ARENITA', 'CASERÍO ARENITAS IZQUIERDA CARRERA EL ZORRO. FRENTE CARRERA VIA LAS PALMAS. DERECHA CAMINO ZAMURITO CARRETERA VIA LAS PALMAS POBLACION EL MEDANO EDIFICIO', null, null, now(), now(), 16),
  (100501018, 'ESCUELA PRIMARIA BOLIVARIANA EC-24 LA CABRERA', 'CASERÍO LA CABRERA FRENTE CARRETERA LA CABRERA. DERECHA CAMINO FAMILIA GUAPARUMO. IZQUIERDA CAMINO FAMILIA BLANCA AMBULATORIO EL CUJIAL CASA', null, null, now(), now(), 16),
  (100501019, 'ESCUELA NUCLEO ESCOLAR RURAL-498 LAS PALMAS', 'CASERÍO LAS PALMAS DERECHA CARRETERA EL CRUCE. FRENTE CARRETERA VIA EL TIGRE. IZQUIERDA CAMINO LAS PALMAS ENCRUCIJADA LAS PALMAS CASA', null, null, now(), now(), 16),
  (100501020, 'ESCUELA BOLIVARIANA LUIS GUGLIETA RAMOS', 'URBANIZACIÓN LA QUINTA IZQUIERDA CALLE TRINCHERA. FRENTE CALLE SUCRE. DERECHA CALLEJÓN RICAURTE A 50 METROS DE LA SALIDA A VALLE DE LA PASCUA EDIFICIO', null, null, now(), now(), 16),
  (100501021, 'ESCUELA BOLIVARIANA EC-21 CUJI NEGRO', 'CASERÍO CUJI NEGRO IZQUIERDA CALLE EL CUJI. FRENTE CARRETERA NACIONAL TUCUPIDO - LA PASCUA. DERECHA PASAJE FAMILIA ZURITA CASA DE LAS MISIONES EDIFICIO', null, null, now(), now(), 16),
  (100501026, 'CASA DE LA CULTURA RAFAEL RENGIFO', 'SECTOR CASCO CENTRAL DERECHA CALLE F. IZQUIERDA CALLE RICAURTE. FRENTE CALLE PAEZ A 40 METROS DE LA PLAZA BOLIVAR EDIFICIO', null, null, now(), now(), 16),
  (100501027, 'SIMONCITO JOSE FELIX RIBAS', 'SECTOR SACO 3 FRENTE CARRETERA VIA SAN RAFAEL. DERECHA PROLONGACIÓN AEROPUERTO. IZQUIERDA CALLEJÓN VIA BRISAS DEL VALLE DIAGONAL AL HOSPITAL PEDRO DEL CORRAL EDIFICIO', null, null, now(), now(), 16),
  (100501028, 'CENTRO DE EDUCACION INICIAL LOMAS DEL PARAISO', 'SECTOR LOMAS DEL PARAISO DERECHA CALLE NUMERO 2. IZQUIERDA CALLE LA MANGA. FRENTE CALLE PRINCIPAL 20 METROS DE LA MANGA DE COLEO CASA', null, null, now(), now(), 16),
  (100501029, 'CENTRO DE EDUCACION INICIAL ROSA ELVIRA AQUINO', 'SECTOR SAETAL DERECHA CALLE PRINCIPAL. IZQUIERDA CALLEJÓN RONDON 50 METROS DEL STADIUM DE BEISBOL CASA', null, null, now(), now(), 16),
  (100501030, 'CENTRO DE EDUCACION INICIAL ONDINA BALZA BENITEZ', 'SECTOR 19 DE ABRIL FRENTE CALLE PRINCIPAL. IZQUIERDA CARRETERA NACIONAL VIA VALLE DE LA PASCUA. DERECHA SENDERO ALPON PARQUE EL RETORNO CASA', null, null, now(), now(), 16),
  (100501031, 'CASA DEL PODER POPULAR', 'BARRIO SAN PABLO DERECHA CALLE SAN PABLO. IZQUIERDA CALLE PARIAGUAN. FRENTE CALLE PAEZ FRENTE A ESCUELA FELIX ANTONIO SAA CASA', null, null, now(), now(), 16),
  (100501032, 'CENTRO DE EDUCACION INICIAL EL ARRENDAJO', 'SECTOR 1DE MAYO DERECHA CALLE 1. FRENTE CALLE PRINCIPAL. IZQUIERDA CARRETERA VIA SAN RAFAEL DE LAYA FRENTE CARRETERA VIA SAN RAFAEL DE LAYA CASA', null, null, now(), now(), 16),
  (100501034, 'ESCUELA BASICA SAN GERONIMO', 'CASERÍO SAN GERONIMO FRENTE CALLE PRINCIPAL. DERECHA CAMINO FAMILIA GOMEZ. IZQUIERDA CAMINO FAMILIA DELGADO CARRETERA VIA EL SOCORRO CASA', null, null, now(), now(), 16),
  (100501035, 'ESCUELA ESTADAL UNITARIA EL DOS', 'CASERÍO EL DOS IZQUIERDA CALLEJÓN FAMILIA RODRIGUEZ. FRENTE CALLEJÓN EL DOS. DERECHA CAMINO EL FINAL 30 METROS DE CARRETERA VIA EL JOBO CASA', null, null, now(), now(), 16),
  (100501036, 'UNIVERSIDAD NACIONAL EXPERIMENTAL DE LA FUERZA ARMADA - UNEFA', 'BARRIO CASCO CENTRAL DERECHA CALLE RICAURTE. IZQUIERDA CALLE GABANTE. FRENTE CALLE ROSCIO A 20 METROS DE LA PLAZA BOLIVAR EDIFICIO', null, null, now(), now(), 16),
  (100501037, 'ESCUELA BASICA CAMPO ALEGRE', 'CASERÍO CAMPO ALEGRE FRENTE CARRETERA NACIONAL TUCUPIDO-LA PASCUA. DERECHA CAMINO FAMILIA HERNANDEZ. IZQUIERDA CAMINO FAMILIA TORREALBA CASA DE ALIMENTACION CASA', null, null, now(), now(), 16),
  (100501038, 'UNIDAD EDUCATIVA ESTADAL CONCENTRADA BOLIVARIANA DC-40 SOLEDAD Y BONANZA', 'CASERÍO SOLEDAD Y BONANZA IZQUIERDA CALLE 2. FRENTE CALLE PRINCIPAL. DERECHA CAMINO FAMILIA MAYORGA CANCHA DEPORTIVA CASA', null, null, now(), now(), 16),
  (100501039, 'CENTRO DE VOTACION MUERTO ZORRO', 'CASERÍO MUERTO ZORRO DERECHA CAMINO EL CABALLO. IZQUIERDA CAMINO LA ENTRADA. FRENTE CAMINO NORTE APURE CASERIO MUERTO ZORRO CASA', null, null, now(), now(), 16),
  (100501040, 'CENTRO DE VOTACION EL GUASDUAL', 'CASERÍO GUASDUAL DERECHA CAMINO EL RIO. IZQUIERDA CAMINO TAMANACO. FRENTE CAMINO REAL IGLESIA PENTECOSTAL', null, null, now(), now(), 16),
  (100501041, 'CENTRO EDUCACIÓN INICIAL HUGO CHAVEZ FRIAS', 'CALLE 1, BRISAS DEL VALLE', null, null, now(), now(), 16),
  (100501042, 'COMEDOR COMANDANTE PABLO', 'CALLE PAEZ ,FRENTE CANCHA DEPORTIVA', null, null, now(), now(), 16),
  (100501043, 'INSTITUTO DE EDUCACIÓN ESPECIAL TUCUPIDO', 'FINAL ESTE CALLE GUAICAIPURO DIAGONAL PREESCOLAR', null, null, now(), now(), 16),
  (100501044, 'ESCUELA BOLIVARIANA MARIA CONCEPCIÓN PALACIOS', 'CASERÍO CARO HERRADO,CARRETERA VALLE DE LA PASCUA- EL SOCORRO', null, null, now(), now(), 16),
  (100502001, 'ESCUELA TECNICA JOSE ANTONIO HURTADO ASCANIO', 'SECTOR CENTRO IZQUIERDA CALLE SUCRE. FRENTE CALLE ROSCIO. DERECHA CALLEJÓN EL PUEBLO FRENTE A LA PLAZA BOLIVAR EDIFICIO', null, null, now(), now(), 17),
  (100502002, 'ESCUELA ESTADAL EC-22 LA ESTRELLA', 'CASERÍO LA ESTRELLA FRENTE CARRETERA VIA SAN JOSE DE GUARIBE. IZQUIERDA CALLEJÓN LA CHIRERA. DERECHA CAMINO FAMILIA AROCHA AMBULATORIO LA ESTRELLA EDIFICIO', null, null, now(), now(), 17),
  (100502003, 'JUNTA PARROQUIAL SAN RAFAEL DE LAYA', 'SECTOR CENTRO DERECHA CALLE CONSTITUCION. IZQUIERDA CALLE SUCRE. FRENTE CALLE PAEZ FRENTE PLAZA CONSTITUCION CASA', null, null, now(), now(), 17),
  (100601001, 'RESIDENCIA DE ANCIANOS FRANCISCO LAZO MARTI', 'SECTOR ZONA INDUSTRIAL LA ESPERANZA FRENTE CALLE MACAIRA. DERECHA CALLEJÓN MACAIRA A MEDIA CUADRA DE LOCATEL CASA', null, null, now(), now(), 18),
  (100601033, 'CENTRO PREESCOLAR EDUCATIVO AÑO INTERNACIONAL DEL NIÑO NUCLEO OLGA DE BRUGUERA', 'BARRIO BRISAS DEL VALLE DERECHA CALLE MARIANO MARTI. SECTOR 3. FRENTE CALLE DANIEL SCOTT. IZQUIERDA TRANSVERSAL NUMERO 4 DETRÁS DE LA IGLESIA VIRGEN DEL VALLE CASA', null, null, now(), now(), 18),
  (100601034, 'CENTRO DE EDUCACION INICIAL PREESCOLAR REPUBLICA DEL BRASIL', 'SECTOR CASCO CENTRAL DERECHA CALLE EL CARMEN. IZQUIERDA CALLE LA SENDREA. FRENTE CALLE PIAR CALLE PIAR S/N DIAGONAL A LA CANCHITA CASCO CENTRAL. CASA', null, null, now(), now(), 18),
  (100601035, 'CENTRO DE EDUCACION INICIAL JOSE DE LOS SANTOS PEREIRA', 'URBANIZACIÓN ROMULO GALLEGOS FRENTE CALLE NRO. 4. DERECHA VEREDA 3. IZQUIERDA VEREDA SIN NUMERO URBANIZACION ROMULO GALLEGOS SECTOR 1 CALLE 4 CASA', null, null, now(), now(), 18),
  (100601036, 'PRE-ESCOLAR BOLIVARIANO EZEQUIEL ZAMORA', 'BARRIO 14 DE MARZO CALLE SANTA EDUVIGE DERECHA CALLE CARACAS. FRENTE CALLE SANTA EDUVIGIS. IZQUIERDA CALLEJÓN EDUVIGIS BARRIO 14 DE MARZO CALLE SANTA EDUVIGIS CASA', null, null, now(), now(), 18),
  (100601002, 'GRUPO ESCOLAR LICENCIADO . FRANCISCO ARANDA', 'SECTOR CASCO CENTRAL DERECHA CALLE SAN JUAN. IZQUIERDA CALLE SAN JUAN. FRENTE CALLE AV. CEDEÑO NRO. 21 AVENIDA CEDEÑO NUMERO 21 FRENTE A LA PLAZA ANTONIO MIGUEL MARTINEZ. CASCO CENTRAL CASA', null, null, now(), now(), 18),
  (100601003, 'ESCUELA BASICA LERMITH HERNANDEZ', 'SECTOR LAS PALMAS DERECHA CALLE VISTA LINDA . FRENTE CARRETERA NACIONAL VIA SAN SEBASTIAN DE LOS REYES. IZQUIERDA CAMINO PRINCIPAL DE LAS PALMAS A 50 METROS DEL AMBULATORIO CENTRO DIAGNOSTICO INTEGRAL CASA', null, null, now(), now(), 18),
  (100601004, 'ESCUELA BASICA BOLIVARIANA FRANCISCO DE MIRANDA', 'BARRIO LAS MAJAGUAS IZQUIERDA CALLE LAS VEGAS . FRENTE CALLE PRINCIPAL. DERECHA VEREDA CIEGA EN EL CENTRO DEL BARRIO CASA', null, null, now(), now(), 18),
  (100601005, 'ESCUELA BASICA NACIONAL REPUBLICA DEL BRASIL', 'SECTOR CASCO CENTRAL DERECHA CALLE SENDREA AL FINAL. IZQUIERDA CALLE EL CARMEN. FRENTE CALLE SAN JUAN NÚMERO 33 DIAGONAL A LA GOBERNACION EDIFICIO', null, null, now(), now(), 18),
  (100601006, 'ESCUELA BASICA JUAN ANTONIO PADILLA', 'URBANIZACIÓN ANTONIO MIGUEL MARTINEZ FRENTE AVENIDA PROLONGACION AV. BOLIVAR. DERECHA CALLE INDEPENDENCIA. IZQUIERDA CALLE ARAGUANEY AL LADO DEL POLIDEPORTIVO LUIS APARICIO CASA', null, null, now(), now(), 18),
  (100601007, 'LICEO BOLIVARIANO VICENTE EMILIO SOJO', 'URBANIZACIÓN SANTA ISABEL DERECHA CALLE IDENA. IZQUIERDA CALLE LA CASA CUNA. FRENTE CALLE MANZANA 3 URBANIZACION SANTA ISABEL. CALLE 102 SECTOR EL MAHONO. 50 METROS DE LA CASA CUNA CASA', null, null, now(), now(), 18),
  (100601008, 'ESCUELA BASICA ANTONIO JOSE DE SUCRE', 'BARRIO LOS AGUACATES DERECHA CALLE PEDRO RANGEL. IZQUIERDA CALLE JESUS BANDRES. FRENTE CALLE ANDRES BELLO BARRIO LOS AGUACATES CALLE ANDRES BELLO CASA', null, null, now(), now(), 18),
  (100601009, 'ESCUELA BASICA JOSE TOMAS LEAL', 'BARRIO VALLE VERDE DERECHA CALLE LA QUEBRADA. FRENTE CALLE SAN MIGUEL. IZQUIERDA BULEVAR PLAZA LOS COCOS AL LADO DE LA PLAZA LOS COCOS CASA', null, null, now(), now(), 18),
  (100601010, 'UNIDAD EDUCATIVA NACIONAL BOLIVARIANA FEDERACION VENEZOLANA DE MAESTROS', 'URBANIZACIÓN LA MORERA FRENTE AVENIDA PRINCIPAL. DERECHA CALLE LOPEZ RANGEL. IZQUIERDA CARRETERA NACIONAL FERMIN TORO DIAGONAL A LA EMISORA RADIO GUÁRICO EDIFICIO', null, null, now(), now(), 18),
  (100601011, 'CENTRO EDUCATIVO BOLIVARIANO INICIAL LOS LAURELES', 'BARRIO LA LAGUNITA DERECHA CALLE LOS LAURELES. FRENTE CALLE 8 DE OCTUBRE. IZQUIERDA CALLEJÓN ESPAÑA URBANIZACION LOS LAURELES CALLE 8 DE OCTUBRE CON CELLAJON ESPAÑA CASA', null, null, now(), now(), 18),
  (100601012, 'ESCUELA BASICA JOSE ANTONIO PAEZ', 'BARRIO CAMORUQUITO SECTOR ORTIZ DERECHA CALLE LA CHINGA ARRIBA. IZQUIERDA CARRETERA NACIONAL DE LOS LLANOS FERMIN TORO. FRENTE CALLEJÓN ORTIZ BARRIO CAMORUQUITO CALLE ORTIZ SIN NUMERO', null, null, now(), now(), 18),
  (100601013, 'ESCUELA BASICA ANDRES BELLO', 'SECTOR CARRETERA NACIONAL VIA EL JOBO FRENTE AVENIDA FINAL DE LA AVENIDA LOS LLANOS. DERECHA CALLE TRINA CHACIN. IZQUIERDA CALLE PADRE LIEBANO EL JOBO CARRETERA NACIONAL LOS LLANOS BARRIO EL JOBO FRENTE A LA POLAR CASA', null, null, now(), now(), 18),
  (100601014, 'ESCUELA BASICA JOSEFA MOLINA DE DUQUE', 'SECTOR ENTRE TRINA CHACIN Y BARRIO SAN JOSE DERECHA CALLE TRINIDAD. FRENTE CALLE TRINA CHACIN. IZQUIERDA CARRETERA NACIONAL FERMIN TORO BARRIO SAN JOSE. URBANIZACION TRINA CHACIN CALLE ISAIAS MEDINA ANGARITA EDIFICIO', null, null, now(), now(), 18),
  (100601015, 'GRUPO ESCOLAR JOSE FELIX RIBAS', 'SECTOR AVENIDA MIRANDA IZQUIERDA AVENIDA JOSE FELIX RIBAS. FRENTE AVENIDA MIRANDA A 50 METROS DEL INSTITUTO NACIONAL DE CAPACITACIÓN Y EDUCACIÓN SOCIALISTA EDIFICIO', null, null, now(), now(), 18),
  (100601017, 'UNIDAD EDUCATIVA NACIONAL JOSE FELIX RIBAS', 'SECTOR AVENIDA MIRANDA CON JOSE FELIX RIBAS DERECHA AVENIDA JOSE FELIX RIBAS. FRENTE AVENIDA MIRANDA. IZQUIERDA CALLEJÓN CHE GUEVARA A 50 METROS DE INSTITUTO NACIONAL DE CAPACITACIÓN Y EDUCACIÓN SOCIALISTA EDIFICIO', null, null, now(), now(), 18),
  (100601018, 'ESCUELA BASICA AMALIA DE LARA', 'BARRIO PUERTA NEGRA DERECHA CALLE ZAMORA. IZQUIERDA CALLE JUNIN. FRENTE CALLE CANTAURA FRENTE A LA PLANTA DE HIDROPAEZ CASA', null, null, now(), now(), 18),
  (100601019, 'ESCUELA BASICA ZULME AZUEJE SANTAELLA', 'CASERÍO PUERTO RICO DERECHA CALLE PUERTO RICO. IZQUIERDA CALLE PUERTO RICO. FRENTE CALLEJÓN PUERTO RICO CALLE LOS FLORES BARRIO PUERTO RICO. EDIFICIO', null, null, now(), now(), 18),
  (100601020, 'ESCUELA BASICA BOLIVARIANA EDUARDO MENDEZ', 'SECTOR VIA UNIVERSIDAD IZQUIERDA AVENIDA AVENIDA FUERZAS ARMADAS. DERECHA CALLE SANTA ELENA. FRENTE CALLE AVENIDA FUERZAS ARMADAS AVENIDA FUERZAS ARMADAS FRETE A LA CASA AMARILLA EDIFICIO', null, null, now(), now(), 18),
  (100601021, 'GRUPO ESCOLAR JOSE DE LOS SANTOS PEREIRA', 'URBANIZACIÓN ROMULO GALLEGOS IZQUIERDA CALLE SECTOR UNO. FRENTE CALLE 5. DERECHA VEREDA JOSE DE LOS SANTOS PEREIRA AL LADO DE LOS TALLERES DEL MINISTERIO DE TRANSPORTE COMUNICACIONES EDIFICIO', null, null, now(), now(), 18),
  (100601022, 'CICLO BASICO LUIS BARRIOS CRUZ', 'URBANIZACIÓN ROMULO GALLEGOS IZQUIERDA AVENIDA 1. FRENTE AVENIDA 1. DERECHA CALLE 1 CRUCE CON CALLE 3 URBANIZACION ROMULO GALLEGOS AVENIDA 1 SECTOR 01-03 CASA', null, null, now(), now(), 18),
  (100601023, 'CENTRO PREESCOLAR AÑO INTERNACIONAL DEL NIÑO', 'BARRIO LOS PLACERES CALLE ECUADOR IZQUIERDA AVENIDA LOS PLACERES. DERECHA CALLE ECUADOR. FRENTE CALLE ECUADOR CALLE ECUADOR S/N BARRIO LOS PLACERES CASA', null, null, now(), now(), 18),
  (100601024, 'UNIDAD EDUCATIVA NACIONAL RAFAEL CABRERA MALO', 'SECTOR LOS MORRITOS FRENTE AVENIDA MIRANDA NUEVA. DERECHA CALLE ENTRADA A LA URBANIZACION LA TROPICAL NUEVA. IZQUIERDA CALLEJÓN MARIO BRICENO IRAGORRI FRENTE A POLIGUARICO EDIFICIO', null, null, now(), now(), 18),
  (100601025, 'ESCUELA BASICA NACIONAL DOCTOR VICENTE PEÑA', 'SECTOR CASCO CENTRAL FRENTE AVENIDA BOLIVAR. DERECHA CALLE RIBAS. IZQUIERDA BULEVAR CENTRO COMERCIAL MARCEBAL DIAGONAL AL BANCO MERCANTIL CASA', null, null, now(), now(), 18),
  (100601026, 'LICEO JUAN GERMAN ROSCIO', 'SECTOR CASCO CENTRAL DERECHA AVENIDA CRUCE CON CALLE CEMENTERIO. IZQUIERDA AVENIDA BOLÍVAR. FRENTE BULEVAR MERCADO LIBRE MUNICIPAL PROLONGACION AVENIDAD JOSE FELIX RIBAS FRENTE AL MERCADO LIBRE. CASCO CENTRAL EDIFICIO', null, null, now(), now(), 18),
  (100601028, 'ESCUELA ESTADAL PEDRO ZARAZA', 'SECTOR PEDRO ZARAZA IZQUIERDA CALLE PEDRO ZARAZA. FRENTE PASAJE ARAGUA CERCA TERMINAL DE PASAJEROS CASA', null, null, now(), now(), 18),
  (100601030, 'ESCUELA AC-24 CAMBURITO', 'CASERÍO CAMBURITO DERECHA CALLE SIN NOMBRE. IZQUIERDA CALLE SIN NÚMERO. FRENTE CALLE PRINCIPAL VIA COMEDOR DE LA UNIVERSIDAD NACIONAL EXPERIMENTAL RÓMULO GALLEGOS CASA', null, null, now(), now(), 18),
  (100601031, 'ESCUELA BASICA RURAL MONSEÑOR ENRIQUE RODRIGUEZ ALVAREZ', 'CASERÍO LOS FLORES DERECHA CALLE WILLIAN GONZALO. IZQUIERDA CALLE ROSA FIT. FRENTE CALLE PRINCIPAL IGLESIA NUESTRA SEÑORA DEL CARMEN EDIFICIO', null, null, now(), now(), 18),
  (100601032, 'ESCUELA BASICA RURAL BOLIVARIANA AC-41 EL CASTRERO', 'CASERÍO EL CASTRERO FRENTE CALLE PRINCIPAL. DERECHA CALLEJÓN SIN NOMBRE. IZQUIERDA CALLEJÓN SIN NOMBRE VIA UNIVERSIDAD SIMON RODRIGUEZ CASA', null, null, now(), now(), 18),
  (100601037, 'ESCUELA CENTRO DE EDUCACION INICIAL BOLIVARIANO VALLECITO GUAFAL', 'URBANIZACIÓN VALLECITO FRENTE CALLE NUMERO 2. DERECHA PROLONGACIÓN CANCHA DEPORTIVA AL LADO DE LA CANCHA DEPORTIVA CASA', null, null, now(), now(), 18),
  (100601038, 'UNIDAD EDUCATIVA NACIONAL BOLIVARIANA LICENCIADO FERDERICO BRITO FIGUEROA', 'URBANIZACIÓN EL PORTAL DE LOS MORROS FRENTE AVENIDA PRINCIPAL. DERECHA CALLE D. IZQUIERDA CARRETERA NACIONAL A 100 METROS DE ESTACIÓN DE SERVICIO CASA', null, null, now(), now(), 18),
  (100601039, 'JARDINES INTEGRADOS AL NER-015', 'BARRIO LAS MERCEDES DERECHA CALLE LAS MERCEDEZ. IZQUIERDA CALLE BARRIO AEROPUERTO. FRENTE CALLE SANTA ELENA A 300 METROS DE LOS BOMBEROS CASA', null, null, now(), now(), 18),
  (100601040, 'ESCUELA BOLIVARIANA FELIPE ANTONIO ACOSTA CARLES', 'URBANIZACIÓN FELIPE ANTONIO ACOSTA CARLES DERECHA AVENIDA PRINCIPAL ACOSTA CARLES. FRENTE CALLE NUMERO 5. IZQUIERDA TRANSVERSAL FUERTE CONOPOIMA A 15 METROS DE LA IGLESIA CATÓLICA CASA', null, null, now(), now(), 18),
  (100601041, 'CENTRO DEL NIÑO Y LA FAMILIA LAS VEGAS', 'BARRIO LAS VEGAS FRENTE CARRETERA NACIONAL VIA SAN SEBASTIAN DE LOS REYES. DERECHA CAMINO CALLE CIEGA FRENTE A LA ENTRADA DEL SECTOR RICARDO MONTILLA CASA', null, null, now(), now(), 18),
  (100601042, 'ESCUELA BASICA GENERAL RAFAEL URDANETA', 'BARRIO CUMBRE FRENTE CARRERA NACIONAL VIA SAN SEBASTIAN DE LOS REYES. DERECHA TRONCAL CARRETERA NACIONAL SAN SEBASTIAN. IZQUIERDA TRONCAL CARRETERA NACIONAL SAN SEBASTIAN CARRETERA NACIONAL VIA SAN SEBASTIAN. ENTRADA AL CASERIO CUMBRE CASA', null, null, now(), now(), 18),
  (100601043, 'CENTRO DE EDUCACIÓN INICIAL BOLIVARIANO LUISA CACERES DE ARISMENDI', 'SECTOR LAS PALMAS DERECHA CALLE SIN NOMBRE. IZQUIERDA CALLE CECILIO ACOSTA. FRENTE CALLE AURORA AL FRENTE DE CANCHA DEPORTIVA LAS PALMAS CASA', null, null, now(), now(), 18),
  (100601044, 'ESCUELA BASICA BOLIVARIANA GENERAL JOAQUIN CRESPO', 'BARRIO COLINAS DE PARIAPAN FRENTE AVENIDA NACIONAL DE LOS LLANOS. IZQUIERDA CALLE PARIAPAN. DERECHA CALLEJÓN EL MAHOMO FRENTE AL ESTADIUM PABLO MONTE CASA', null, null, now(), now(), 18),
  (100601045, 'TALLER EDUCACION LABORAL GUARICO', 'URBANIZACIÓN ROMULO GALLEGOS FRENTE AVENIDA PRINCIPAL. IZQUIERDA CALLE AL LADO DEL LICEO LUIS BARRIO CRUZ. DERECHA CALLEJÓN ROMULO GALLEGOS AL LADO DEL LICEO LUIS BARRIO CRUZ CASA', null, null, now(), now(), 18),
  (100601046, 'UNIDAD EDUCATIVA NACIONAL PUENTE GUARICO', 'CASERÍO VIRGEN PURA DERECHA CARRETERA NO POSEE NINGUN NOMBRE PORQUE ES UNA SOLA CARRETERA. FRENTE CARRETERA PRINCIPAL DE CAMBURITO. IZQUIERDA CAMINO CASERIOS DE VIRGEN PURA FRENTE AL AMBULATORIO CASA', null, null, now(), now(), 18),
  (100601047, 'ESCUELA BASICA RURAL BOLIVARIANA AC-10 LUCIANERO', 'SECTOR LUCIANERO 2 IZQUIERDA CALLE PROLONGACION AVENIDA BOLIVAR. FRENTE CALLE MAICARA. DERECHA CALLEJÓN SIN NOMBRE ZONA INDUSTRIAL CASA', null, null, now(), now(), 18),
  (100601048, 'CENTRO DE EDUCACION INICIAL LOS LLANERITOS', 'SECTOR SANTA ISABEL DERECHA AVENIDA PRINCIPAL. FRENTE AVENIDA SANTA ISABEL. IZQUIERDA CALLE INFANTE AL LADO DEL HOSPITAL CENTRAL ISRAEL RANUAREZ BALZA CASA', null, null, now(), now(), 18),
  (100601049, 'ESCUELA RURAL BOLIVARIANA AC-48 LAS MINAS', 'SECTOR LAS MINAS DERECHA CALLE CANCHA DEPORTIVA. IZQUIERDA CALLE EL AMBULATORIO. FRENTE CALLE PRINCIPAL DIAGONAL A LA CANCHA DEPORTIVA CASA', null, null, now(), now(), 18),
  (100601050, 'ESCUELA BASICA RURAL BOLIVARIA AC-19 LOS BAGRES', 'CASERÍO LOS BAGRES DERECHA CALLE LOS PERDOMO. FRENTE CALLE PRINCIPAL. IZQUIERDA CARRETERA VIA EL CASTRERO A 50 METROS DEL AMBULATORIO LOS BAGRES CASA', null, null, now(), now(), 18),
  (100601052, 'CHAVEZ Y MARTI', 'BARRIO VISTA HERMOSA DERECHA CALLE MANUELA SAEZ. IZQUIERDA CALLE SIN NOMBRE. FRENTE CALLE LAS DELICIAS IGLESIA EVANGELICA DIOS ADMIRABLE CASA', null, null, now(), now(), 18),
  (100601053, 'VISTA HERMOSA III', 'BARRIO URB. VISTA HERMOSA SECTOR III DERECHA CALLE CALLE QUE COMUNICA CON OTRAS PARTES DEL SECTOR. IZQUIERDA CALLE CALLE QUE COMUNICA CON OTRAS PARTES DEL SECTOR. FRENTE CARRERA PRINCIPAL DEL SECTOR FRENTE DE LA BODEGA DEL SECTOR CASA', null, null, now(), now(), 18),
  (100601054, 'CENTRO DE VOTACION HUGO CHAVEZ', 'BARRIO VISTA HERMOSAIII DERECHA CALLE EL RIO. IZQUIERDA CALLE EL SAMAN. FRENTE CALLE AMOR Y PAZA EL TERMINAL DE LOS CARRITOS POR PUESTO CASA', null, null, now(), now(), 18),
  (100601055, 'LAS MALVINAS', 'CASERÍO SECTOR LAS MALVINAS AL LADO DE LA BLOQUERA DE LAS MALVINAS DERECHA CALLE CALLE PRINCIPAL DE LA SALIDA. IZQUIERDA CALLE CALLE PRINCIPAL. FRENTE CALLE CON CASAS AL LADO DE LA BLOQUERA JUAN GERMA ROSCIO NIEVES', null, null, now(), now(), 18),
  (100601056, 'VILLA DEL TOTUMO', 'CASERÍO EL TOTUMO CALLE EL MANATIAL SECTOR 2 IZQUIERDA CALLE CALLE PRINCIPAL DEL SECTOR. DERECHA CAMINO CAMINO. FRENTE CAMINO PRINCIPAL DEL SECTOR 2 EL SAMAN ENTRANDO A MANO DERECHA CASA', null, null, now(), now(), 18),
  (100601057, 'CARTANCITO', 'CASERÍO ZONA RURAL CARTANCITO SECTOR FLORES CASERIO CARTANCITO DERECHA CALLE CARRETERA NACIONAL. IZQUIERDA CARRERA CARRETERA PRINCIPAL DE ASFALTO. FRENTE CARRERA CARRETERA NACIONAL CARRETERA NACIONAL VIA FLORA ENTRE LA URBANIZACION EL PORTAL Y URBANIZACIO', null, null, now(), now(), 18),
  (100601058, 'CENTRO DE VOTACION LOS CEDROS', 'CASERÍO URBANIZACION LOS CEDROS SECTOR LOS CEDROS FRENTE CARRETERA CARRETERA NACIONAL VIA AL GUAFAL. IZQUIERDA CAMINO CAMINO HACIA EL CASERIO LOS CEDROS. DERECHA TROCHA TROCHA EN FRENTE DE LA HACIENDA EL TOTUMO CASA', null, null, now(), now(), 18),
  (100601059, 'CENTRO DE VOTACION EL CAMPITO', 'BARRIO AEROPUERTO DERECHA CALLE EL AEROPUERTO. IZQUIERDA CALLE LIBERTAD. FRENTE CALLE NEGRO PRIMERO CANCHA TECHADA EL AEROPUERTO', null, null, now(), now(), 18),
  (100601060, 'VISTA EL MORRO', 'URBANIZACIÓN URB.VISTA EL MORRO SECTOR VISTA EL MORRO DERECHA CALLE CALLE PRINCIPAL QUE COMUNICA CON LA COMUNIDAD. IZQUIERDA CALLE CALLE QUE COMUNICA CON LAS COMUNIDADES. FRENTE VEREDA VEREDA AL LADO DEL CDI DE VISTA EL MORRO', null, null, now(), now(), 18),
  (100601061, 'LUIS BELTRÁN PRIETO FIGUEROA (LA CEIBA)', 'SECTOR LA CEIBA, FRENTE LA UNIVERSIDAD ROMULO GALLEGOS DIAGONAL A LA URBANIZACIÓN CHE GUEVARA', null, null, now(), now(), 18),
  (100601062, 'BICENTENARIO PARTE ALTA', 'AVENIDA FERMÍN TORO, FRENTE AL BARRIO LA CUEVA SUBIENDO POR LA CHICHARRONA A 50MTS SUBIENDO A MANO IZQUIERDA', null, null, now(), now(), 18),
  (100601063, 'ESCUELA DE TALENTO DEPORTIVO', 'PROLONGACION ROMULO GALLEGOS,ENTRE AV. HUGO CHAVEZ CON AV. SIMON BOLIVAR, DENTRO DEL COMPLEJO CIUDAD OLIMPICA, SAN JUAN DE LOS MORROS', null, null, now(), now(), 18),
  (100602001, 'GRUPO ESCOLAR BOLIVARIANO LUCIA ALVAREZ RIVERO', 'SECTOR CASCO CENTRAL DERECHA CALLE VIA AL CEMENTERIO. IZQUIERDA CALLE EL CEMENTERIO. FRENTE CALLE SAN LUIS FRENTE A LA IGLESIA SANTA CATALINA. CASCO CENTRAL CASA', null, null, now(), now(), 19),
  (100602003, 'LICEO BOLIVARIANO JOAQUIN CRESPO', 'SECTOR CASCO CENTRAL DERECHA CALLE VIA CANCHA DEPORTIVA. IZQUIERDA CALLE VIA EL CEMENTERIO. FRENTE CALLE MANANTIAL EL GRUPO ESCOLAR BOLIVARIANO LUCIA ALVAREZ RIVERO CASA', null, null, now(), now(), 19),
  (100602002, 'ESCUELA ESTADAL CONCENTRADA AC-15', 'CASERÍO EL TOCO DERECHA CALLE PRINCIPAL. IZQUIERDA CALLE VISTA ALEGRE. FRENTE BULEVAR A LA CARRETERA NACIONAL VIA DOS CAMINOS LA IGLESIA NUESTRA SEÑORA DE LOS DOLORES CASA', null, null, now(), now(), 19),
  (100602004, 'PREESCOLAR BOLIVARIANO PARAPARA', 'SECTOR LA LECHERA IZQUIERDA CALLE SAN ANTONIO. FRENTE CALLE BOLIVAR LA LECHERA CASA', null, null, now(), now(), 19),
  (100602005, 'BASE DE MISIONES UVERITO', 'SECTOR PARAPARA, AVENIDA PRINCIPAL ENTRANDO AL CASERIO UVERITO A MANO IZQUIERDA', null, null, now(), now(), 19),
  (100603001, 'UNIDAD EDUCATIVA BOLIVARIANA ROGELIA MAYO TORREALBA', 'CASERÍO CANTAGALLO IZQUIERDA CALLE SECTOR 1 DE LAS CASITAS. FRENTE CALLE PRINCIPAL DIAGONAL A LA PLAZA BOLIVAR CASA', null, null, now(), now(), 20),
  (100603002, 'ESCUELA BOLIVARIANA AC-9 PASO PELAO', 'CASERÍO SAN JOSE DEL PASO FRENTE CARRETERA NACIONAL VIA CANTAGALLO SABANOTA. IZQUIERDA TRONCAL SABANOTA 3. DERECHA CAMINO CANTACLARO APACASA CENTRO DE AGRICULTORES CASA', null, null, now(), now(), 20),
  (100701001, 'ESCUELA BASICA NOHEMY HIGUERA DE GUZMAN', 'SECTOR PARAISO DERECHA CALLE BARCELONA AL FINAL. FRENTE CALLE PALO SECO HOTEL UNARE CASA', null, null, now(), now(), 21),
  (100701018, 'ESCUELA BASICA ANTONIO JOSE SOTILLO', 'SECTOR MEDANO DERECHA CALLE ALTAGRACIA. FRENTE CALLE ALTAGRACIA. IZQUIERDA CALLEJÓN EL FARO FINAL CALLE ALTAGRACIA GALPÓN', null, null, now(), now(), 21),
  (100701019, 'LICEO BOLIVARIANO PADRE FRANCISCO HURTADO', 'URBANIZACIÓN BANCO OBRERO DERECHA CALLE CHINGORETO 1. FRENTE CALLE PRINCIPAL. IZQUIERDA CARRETERA NACIONAL SECTOR EL CHIGORETO EDIFICIO', null, null, now(), now(), 21),
  (100701002, 'LICEO EDUARDO DELFIN MENDEZ', 'BARRIO LA LOMA DERECHA CALLE AYACUCHO. IZQUIERDA CALLE LAS FLORES. FRENTE CALLE JOSE RAMON CAMEJO FAJARDOS AL LADO DE LA ESCUELA BASICA NACIONAL FRANCISCO SALIAS EDIFICIO', null, null, now(), now(), 21),
  (100701003, 'ESCUELA BASICA NACIONAL RÓMULO GALLEGOS', 'SECTOR PEGA PAJARO FRENTE CALLE PEGA PAJARO. IZQUIERDA CARRETERA VIA BARRIALITO. DERECHA CALLEJÓN UNARE CALLE PEGA-PEGA SECTOR CURAZAO. ZARAZA. CASA', null, null, now(), now(), 21),
  (100701004, 'ESCUELA ESTADAL DELFINA FEMAYOR DE MOLINA', 'SECTOR LA PROLLOSA DERECHA CALLE VIA AGUA NEGRA. IZQUIERDA CALLE MARCO RIOS. FRENTE CARRETERA VIA AGUA NEGRA VIA AGUA NEGRA CALLE PRINCIPAL. BARRIO PROLLOSA CASA', null, null, now(), now(), 21),
  (100701006, 'ESCUELA BASICA NACIONAL FRANCISCO SALIAS', 'BARRIO LA LOMA DERECHA CALLE FLORES. IZQUIERDA CALLE AYACUCHO. FRENTE CALLE ALTAGRACIA FRENTE AL CENTRO MEDICO UNARE Y DIAGONAL A LA CASA DE LA CULTURA NESTOR LUIS RODRÍGUEZ EDIFICIO', null, null, now(), now(), 21),
  (100701008, 'ESCUELA BOLIVARIANA TACALITO', 'CASERÍO TACALITO IZQUIERDA CARRETERA ZARAZA-VALLE DE LA PASCUA. FRENTE CARRETERA ZARAZA-VALLE DE LA PASCUA. DERECHA SENDERO TACALITO VIA CARRETERA NACIONAL GALPÓN', null, null, now(), now(), 21),
  (100701009, 'ESCUELA BOLIVARIANA LA ESPERANZA', 'CASERÍO LA ESPERANZA DERECHA CARRETERA VIA BARRIALITO. IZQUIERDA CARRETERA VIA BARRIALITO. FRENTE CARRETERA VIA BARRIALITO CARRETERA VIA BARRILITO. CASERIO LA ESPERANZA. GALPÓN', null, null, now(), now(), 21),
  (100701010, 'ESCUELA BOLIVARIANA ARTURO ALVAREZ ALAYÓN', 'URBANIZACIÓN LOMAS DERECHA CALLE PRINCIPAL SECTOR A. IZQUIERDA CALLE PRINCIPAL SECTOR B. FRENTE CALLE LA PRINCIPAL URBANIZACION LAS LOMAS. CALLE PRINCIPAL. LAS CASITAS. ZARAZA EDIFICIO', null, null, now(), now(), 21),
  (100701011, 'ESCUELA NACIONAL UNITARIA F-80 EL DIVIDIVI', 'CASERÍO DIVIDIVI DERECHA CARRETERA VIA LA PERENA. IZQUIERDA CARRETERA VIA BARRIALITO. FRENTE CARRETERA VIA BARRIALITO CARRETERA VIA BARRIALITO CASERIO DIVIDIVE CASA', null, null, now(), now(), 21),
  (100701012, 'ESCUELA BOLIVARIANA MAZAGUARO', 'CASERÍO MAZAGUARO FRENTE CARRETERA VIA MAZAGUARO. DERECHA SENDERO SABANAS. IZQUIERDA SENDERO SABANAS CARRETERA VIA EL SOCORRO GALPÓN', null, null, now(), now(), 21),
  (100701013, 'ESCUELA ESTADAL LA PIEDRA', 'CASERÍO LA PIEDRA FRENTE CARRETERA VIA LA PIEDRA. DERECHA SENDERO CEMENTERIO. IZQUIERDA SENDERO SABANAS CASERIO LA PIEDRA CASA', null, null, now(), now(), 21),
  (100701014, 'ESCUELA PRIMARIA FC-17 LOS TAPARITOS', 'CASERÍO TAPARITO DERECHA CARRETERA VIA LA LEONERA. FRENTE CARRETERA LA LEONERA. IZQUIERDA PASAJE REPRESA LOS TAPARITOS SECTOR REPRESA CIGARRON CASA', null, null, now(), now(), 21),
  (100701015, 'ESCUELA ESTADAL OLGA ROJAS DE CABEZA', 'URBANIZACIÓN LOS MORAOS IZQUIERDA CALLE DANUBIO. FRENTE CALLEJÓN EL FARO CRUCE CON ANDRES BELLO EN EL CENTRO DE LA URBANIZACIÓN CASA', null, null, now(), now(), 21),
  (100701016, 'ESCUELA CONCENTRADA FC-13 SANTA CRUZ DE UNARE', 'CASERÍO SANTA CRUZ DE UNARE FRENTE TRANSVERSAL VIA SANTA CRUZ DE UNARE. DERECHA SENDERO PEREZ SANTANA. IZQUIERDA SENDERO PEREZ SANTANA CARRETERA VIA ARAGUA DE BARCELONA CASA', null, null, now(), now(), 21),
  (100701017, 'ESCUELA ESTADAL COLUMBA MENDOZA RODRIGUEZ', 'CASERÍO CALANCHE FRENTE CALLE CRISTO REY. IZQUIERDA CARRETERA VIA SAN JOSE DE UNARE. DERECHA CALLEJÓN FAMILIA MORENO AL LADO DE LA IGLESIA CATÓLICA CASA', null, null, now(), now(), 21),
  (100701020, 'LICEO EDUARDO DELFIN MENDEZ II', 'SECTOR LOMAS DERECHA CALLE AYACUCHO. IZQUIERDA CALLE LAS FLORES. FRENTE CALLE CAMEJO FAJARDOS BARRIO LA LOMA ZARAZA EDIFICIO', null, null, now(), now(), 21),
  (100701021, 'ESCUELA BASICA NACIONAL BONIFACIO GOMEZ', 'SECTOR GOLFO TRISTE DERECHA CALLE BARCELONA. IZQUIERDA CALLE TROCONIS. FRENTE CALLE AURORA PLAZA PAEZ EDIFICIO', null, null, now(), now(), 21),
  (100701022, 'INSTITUTO DE EDUCACION BOLIVARIANA ESPECIAL ZARAZA', 'URBANIZACIÓN LOMAS SECTOR A FRENTE CALLE PRINCIPAL VIA LA SILLA. DERECHA CALLEJÓN OESTE. IZQUIERDA VEREDA 30 ESTE VIA LA SILLA EDIFICIO', null, null, now(), now(), 21),
  (100701030, 'ESCUELA NACIONAL LA PEREÑA', 'CASERÍO LA PEREÑA DERECHA CARRETERA VIA BARRIALITO. IZQUIERDA PICA VIA BARRIALITO. FRENTE PICA VIA SANTA CRUZ DE UNARE AL LADO DEL FUNDO LOS RECUERDOS OFICINA', null, null, now(), now(), 21),
  (100701023, 'CASA DE LA CULTURA ERNESTO LUIS RODRIGUEZ', 'SECTOR LOMAS DERECHA CALLE TROCONIS. IZQUIERDA CALLE FLORES. FRENTE CALLE EL CARMEN CANCHA TECHADA EDIFICIO', null, null, now(), now(), 21),
  (100701024, 'ALDEA UNIVERSITARIA BOLIVARIANA NUCLEO ZARAZA', 'URBANIZACIÓN LAS CAMAZAS DERECHA AVENIDA PRINCIPAL. FRENTE AVENIDA ACCESO PRINCIPAL A LAS CAMAZAS. IZQUIERDA CARRETERA NACIONAL VIA SAN JOSE DE UNARE DETRAS DEL PARQUE FERIAL EDIFICIO', null, null, now(), now(), 21),
  (100701025, 'UNIVERSIDAD NACIONAL EXPERIMENTAL SIMON RODRIGUEZ', 'SECTOR CRUZ VERDE DERECHA CALLE SAN MARTIN. IZQUIERDA CALLE ORINOCO. FRENTE CALLE LA CRUZ CRUCE CON SAN MARTIN ESTACION DE SERVICIO EL 70 EDIFICIO', null, null, now(), now(), 21),
  (100701027, 'CENTRO DE EDUCACION INICIAL FC-59 LAS LAGUNITAS', 'CASERÍO LAS LAGUNITAS DERECHA CARRETERA VIA LA BONANZA. IZQUIERDA SENDERO LOS LINEROS. FRENTE SENDERO STADIUM LAS LAGUNITAS FAMILIA LINERO GALPÓN', null, null, now(), now(), 21),
  (100701029, 'ESCUELA ESPECIALIDADES MERCEDES SOTILLO', 'BARRIO CURAZAO DERECHA CALLE LIBERTAD. IZQUIERDA CALLE AURORA. FRENTE CALLE EL SILENCIO A 150 MTS DE LA PLAZA DE LA CULTURA GALPÓN', null, null, now(), now(), 21),
  (100701043, 'ESCUELA BASICA FC-99 EL ALACRAN (NER S/N)', 'CASERÍO LOS ALACRANES FRENTE CARRETERA VIA EL TORO BARRIALITO. DERECHA SENDERO FAMILIA BRUCES. IZQUIERDA SENDERO FAMILIA BRUCES FAMILIA BRUCES CASA', null, null, now(), now(), 21),
  (100701035, 'CENTRO DE EDUCACION INICIAL "MATAS ALTA"', 'CASERÍO MATAS ALTAS IZQUIERDA CARRETERA VIA LA BECERRA. FRENTE CARRETERA VIA LA BARRIALITO. DERECHA SENDERO FAMILIA MARTINEZ IGLESIA EVANGELICAL GALPÓN', null, null, now(), now(), 21),
  (100701033, 'ESCUELA BASICA BOLIVARIANA FC-60 CAÑAVERAL (NUCLEO ESCOLAR RURAL 419)', 'CASERÍO CANAVERAL DERECHA CARRETERA VIA ZARAZA. FRENTE CARRETERA VIA LA ESPERANZA. IZQUIERDA SENDERO ITALISIOS FAMILIA ITALISIOS GALPÓN', null, null, now(), now(), 21),
  (100701045, 'CENTRO DE VOTACION SECTOR RURAL LA LEONERA', 'CASERÍO LA LEONERA IZQUIERDA CARRETERA LOS NOVILLOS. FRENTE CARRETERA VIA LOS NOVILLOS. DERECHA SENDERO FAMILIA GONZALEZ ESCUELA LOS TAPARITOS', null, null, now(), now(), 21),
  (100701046, 'CENTRO DE VOTACION SECTOR RURAL CERRITO BLANCO', 'CASERÍO CERRITO BLANCO FRENTE CARRETERA AGUA NEGRA. DERECHA SENDERO FAMILIA BALZA. IZQUIERDA SENDERO FAMILIA HERNANDEZ', null, null, now(), now(), 21),
  (100701047, 'CENTRO DE VOTACION SECTOR RURAL COROZAL', 'SECTOR COROZAL', null, null, now(), now(), 21),
  (100701048, 'CENTRO DE VOTACION SECTOR RURAL EL MONO', 'CASERÍO EL MONO DERECHA SENDERO FAMILIA RANGEL. IZQUIERDA SENDERO FAMILIA RANGEL. FRENTE SENDERO FAMILIA RANGEL', null, null, now(), now(), 21),
  (100701049, 'CENTRO DE VOTACION SECTOR RURAL MATA NEGRA', 'SECTOR MATA NEGRA FRENTE CARRETERA MATA NEGRA. DERECHA SENDERO FAMILIA. IZQUIERDA SENDERO FAMILIA ACOSTA ACOSTA', null, null, now(), now(), 21),
  (100701050, 'CENTRO DE VOTACION SECTOR RURAL HIGUEROTE', 'CASERÍO HIGUEROTE DERECHA CARRETERA FAMILIA BALZA. IZQUIERDA CARRETERA VIA AGUA NEGRA. FRENTE CARRETERA CARRETERA NACIONAL VIA AGUA NEGRA DISPENSARIO LAS PITAHAYAS', null, null, now(), now(), 21),
  (100701051, 'C.E.I. ALI PRIMERA', 'CALLE PRINCIPAL ALI PRIMERA', null, null, now(), now(), 21),
  (100701052, 'LICEO HUGO CHAVEZ', 'ACCESO PRINCIPAL LA FLORIDA VIA BARRILITO', null, null, now(), now(), 21),
  (100701053, 'IFOCENTRO LA FLORIDA', 'ACCESO PRINCIPAL LA FLORIDA', null, null, now(), now(), 21),
  (100701054, 'UNEFA EXTENSIÓN ZARAZA', 'AV. ANDRÉS ELOY BLANCO', null, null, now(), now(), 21),
  (100701055, 'CONSULTORIO MÉDICO TIPO III LA PROLLOSA', 'CALLE PRINCIPAL LA PROLLOSA VÍA AGUA NEGRA', null, null, now(), now(), 21),
  (100701056, 'CENTRO SIMONCITO BOLIVARIANO EL MEDANO', 'FINAL CALLE HIGUEROTE CRUCE CON ESTADIO', null, null, now(), now(), 21),
  (100701057, 'ÁREA DE CIENCIAS DE LA SALUD UNERG', 'CALLE TROCONIS CRUCE CON BARCELONA', null, null, now(), now(), 21),
  (100701058, 'CENTRO DE EDUCACIÓN INICIAL OLGA ROJAS DE CABEZAS', 'CALLE LOS MORAOS', null, null, now(), now(), 21),
  (100701059, 'UNIDAD EDUCATIVA ARISTÓBULO IZTURIS ALMEIDA', 'CARRETERA NACIONAL ZARAZA BARCELONA AL LADO DEL PARQUE FERIAL', null, null, now(), now(), 21),
  (100701060, 'ESCUELA BÁSICA LAS CAMAZAS S/N', 'SECTOR LAS CAMAZAS, CALLE LA ESCUELITA VIA A LA ADI 354 GUARAMENTAL.', null, null, now(), now(), 21),
  (100702001, 'ESCUELA BOLIVARIANA DOCTOR BENITO GUTIERREZ LOPEZ', 'CASERÍO SAN JOSE DE UNARE IZQUIERDA CALLE VIA ZARAZA. FRENTE CALLE BOLIVAR FRENTE A LA PLAZA BOLIVAR CASA', null, null, now(), now(), 22),
  (100702002, 'ESCUELA NACIONAL UNITARIA F-83 PALO SANO', 'CASERÍO PALO SANO DERECHA SENDERO FAMILIA MAGALLANES. IZQUIERDA SENDERO FAMILIA MAGALLANES. FRENTE PICA VIA ONOTO AL LADO DEL AMBULATORIO RURAL PALO SANO GALPÓN', null, null, now(), now(), 22),
  (100702003, 'ESCUELA BASICA F-78 GUARIBITO', 'CASERÍO GUARIBITO DERECHA SENDERO FAMILIA MANRIQUE. IZQUIERDA SENDERO FAMILIA MANRIQUE. FRENTE TROCHA SENDERO ANTENA DE CANTV CASA', null, null, now(), now(), 22),
  (100801001, 'ESCUELA BOLIVARIANA JOAQUIN CRESPO', 'SECTOR CASCO CENTRAL 1 DERECHA CALLE PAEZ. IZQUIERDA CALLE SUCRE. FRENTE CALLE JUNIN A UNA CUADRA DE LA ALCALDIA. CASA', null, null, now(), now(), 23),
  (100801002, 'ESCUELA BOLIVARIANA LA ROMPIA', 'CASERÍO LA ROMPIA FRENTE CARRETERA AGRICOLA LA ROMPIA. DERECHA CAMINO CASERIO. IZQUIERDA CAMINO LINDEROS DE HACIENDA AL LADO DEL AMBULATORIO CASA', null, null, now(), now(), 23),
  (100801006, 'ESCUELA BOLIVARIANA INMACULADA NIÑA', 'SECTOR CASCO CENTRAL 3 DERECHA CALLE BOLIVAR. IZQUIERDA CALLE FRAY TOMAS DE CASTRO. FRENTE CALLE PAEZ AL LADO DE LA IGLESIA CATOLICA CASA', null, null, now(), now(), 23),
  (100801003, 'ESCUELA BOLIVARIANA JOSEFINA MORENO DE OLIVARES', 'URBANIZACIÓN LAS PARAITAS DERECHA CALLE CARRIZALERO. IZQUIERDA CALLE GUAMACHO. FRENTE CALLE PRINCIPAL AL FRENTE DE LA IGLESIA CATÓLICA CASA', null, null, now(), now(), 23),
  (100801004, 'ESCUELA BOLIVARIANA LA NEGRA', 'CASERÍO LA NEGRA DERECHA CALLE JOSE ORTEGA. IZQUIERDA CARRETERA LA NEGRA . FRENTE CARRETERA NACIONAL VIA CAMAGUAN AL LADO DE LA CASILLA POLICIAL CASA', null, null, now(), now(), 23),
  (100801005, 'ESCUELA BOLIVARIANA SOMBRERITO', 'SECTOR SOMBRERITO DERECHA CALLE PRINCIPAL DEL CASERIO SOMBRERITO. FRENTE CARRETERA PRINCIPAL . IZQUIERDA CAMINO SIN IDENTIFICACION AL LADO DEL AMBULATORIO CASA', null, null, now(), now(), 23),
  (100801007, 'ESCUELA BASICA BRISAS DE CAMAGUAN', 'SECTOR ROMULO GALLEGOS 1 DERECHA CALLE SANTOS LUZARDO. IZQUIERDA CALLE MARISELA. FRENTE CALLE MIRANDA A MEDIA CUADRA DE PDVAL CASA', null, null, now(), now(), 23),
  (100801008, 'CENTRO DE EDUCACION INICIAL MARIA ENRIQUETA HURTADO', 'SECTOR LAS MARIAS I DERECHA CALLE JUAN BRICEÑO. FRENTE CALLE PRINCIPAL LOS MARANONES. IZQUIERDA CALLEJÓN LAS MARIAS AL LADO DEL MODULO DE BARRIO ADENTRO CECILIA MONTOYA CASA', null, null, now(), now(), 23),
  (100801009, 'CASA DE LAS MISIONES', 'SECTOR BARRIO ABAJO DERECHA AVENIDA JUAN VICENTE TORRELBA. IZQUIERDA CALLE EZEQUIEL ZAMORA. FRENTE CALLE SOUBLETE A 2 CUADRAS DE LA ANTENA DE CANTV CASA', null, null, now(), now(), 23),
  (100801010, 'CENTRO DE EDUCACION TOQUITO', 'SECTOR EL TOQUITO IZQUIERDA CALLE PRINCIPAL. FRENTE CALLE SEGUNDA TRANSVERSAL. DERECHA CALLEJÓN TOQUITO A 2 CUADRAS DEL AMBIENTE FAMILIAR LA BAJAITA CASA', null, null, now(), now(), 23),
  (100801012, 'SALA DE BATALLA HUMILDAD Y PACIENCIA', 'SECTOR CORAZON DE JESUS FRENTE AVENIDA JUAN VICENTE TORREALBA. DERECHA TRANSVERSAL SECTOR JOSE GREGORIO HERNANDEZ. IZQUIERDA TRANSVERSAL GIMNASIO DE COMBATE COMPLEJO DE CHANCHA JOSE VASQUEZ CASA', null, null, now(), now(), 23),
  (100801013, 'CENTRO DE VOTACION MURO CARRIZALERO', 'SECTOR MURO CARRIZALERO FRENTE AVENIDA JOSE FELIX RIBAS. DERECHA CALLEJÓN POTREROS DE JULIA ALVARADO. IZQUIERDA CAMINO CASA ZAMORANA CASA ZAMORANA', null, null, now(), now(), 23),
  (100801014, 'CASA COMUNAL LAS CARITAS', 'CARRETERA NACIONAL VIA SAN FERNANDO DE APURE CASERIO LAS CARITAS, SECTOR ROSA MISTICA FRENTE A LA CANCHA, CAMAGUAN', null, null, now(), now(), 23),
  (100801015, 'BASE DE MISIONES JOSE GREGORIO HERNANDEZ', 'SECTOR JOSE GREGORIO HERNANDEZ CALLE CARMEN', null, null, now(), now(), 23),
  (100801016, 'GERMAN FLEITAS BEROES', 'AVENIDA GERMAN FLEITAS BEROES', null, null, now(), now(), 23),
  (100802001, 'ESCUELA BOLIVARIANA PUERTO MIRANDA', 'SECTOR CASCO HISTORICO PUERTO MIRANDA DERECHA CALLE LA MISMA CALLE PRINCIPAL. FRENTE CALLE PRINCIPAL. IZQUIERDA CALLEJÓN FAMILIA GONZALEZ AL LADO DE LA IGLESIA EVANGELICA LUZ DEL MUNDO CASA', null, null, now(), now(), 24),
  (100802003, 'ESCUELA BOLIVARIANA JOSE PORFIRIO TARAZONA', 'SECTOR LA TANQUILLA DERECHA CALLE CASA DE FAMILIA INGRI GIMENEZ. IZQUIERDA CALLE CASA DE FAMILIA TARAZONA GIMENEZ. FRENTE TRANSVERSAL RIO APURE A 300 METROS DEL TALLER DE HERRERIA LA ESPERANZA CASA', null, null, now(), now(), 24),
  (100803001, 'ESCUELA BOLIVARIANA UVERITO', 'SECTOR SAN FRANCISCO DERECHA CALLE SAN FRANCISCO. FRENTE CALLE LA ESCUELA A CUADRA Y MEDIA DEL CLUB DE LOS ABUELOS CASA', null, null, now(), now(), 25),
  (100803002, 'UNIDAD EDUCATIVA BOLIVARIANA SIMON BOLIVAR', 'SECTOR CASCO CENTRAL 1 UVERITO DERECHA CALLE VIA LA ROMPIA. FRENTE CARRETERA VIA AGRICOLA. IZQUIERDA SENDERO ENTRADA A UN FUNDO AMBULATORIO RURAL DE UVERITO EDIFICIO', null, null, now(), now(), 25),
  (100901001, 'ESCUELA BASICA MONSEÑOR CRESPO', 'SECTOR EL CENTRO IZQUIERDA CALLE ZOILA LARA. FRENTE CALLE URDANETA. DERECHA CARRERA SECTOR EL DELIRIO A UNA CUADRA DE LA PLAZA BOLIVAR DIAGONAL A LA CASA PARROQUIAL EDIFICIO', null, null, now(), now(), 26),
  (100901002, 'CENTRO DE EDUCACION INICIAL INAVI', 'URBANIZACIÓN INAVI FRENTE CALLE 1. DERECHA VEREDA 6. IZQUIERDA VEREDA 8 ESTACIONAMIENTO INAVI CASA', null, null, now(), now(), 26),
  (100901003, 'ESCUELA BASICA BOLIVARIANA GC-27 EL CINCO', 'CASERÍO EL CINCO DERECHA CALLE PRINCIPAL. FRENTE CARRERA VIA TAMANACO. IZQUIERDA BULEVAR PLAZA EL CINCO CASERIO EL CINCO VIA UVERAL-SAN ANTONIO DE TAMANACO EDIFICIO', null, null, now(), now(), 26),
  (100901004, 'ESCUELA BASICA BOLIVARIANA GC-23 UVERAL', 'CASERÍO UVERAL DERECHA CALLE GUILLERMO RUIZ. IZQUIERDA CALLE ROUSBELL RUIZ. FRENTE CALLE RICAUTER CASERIO UVERAL. ENTRADA VIA UVERAL EDIFICIO', null, null, now(), now(), 26),
  (100901006, 'ESCUELA BOLIVARIANA GC-13 LAS LAJAS', 'CASERÍO LAS LAJAS DERECHA CALLE CASA DE FAMILIA. IZQUIERDA CALLE CASA DE FAMILIA. FRENTE CALLE PRINCIPAL LAS LAJAS CASERIO LAS LAJAS VIA EL UVERO EDIFICIO', null, null, now(), now(), 26),
  (100901007, 'ESCUELA BASICA GC-19 RIO NEGRO', 'CASERÍO RIO NEGRO DERECHA CARRETERA VIA A SAN JOSE DE GUARIBE Y CARRETERA NACIONAL GUARICO. IZQUIERDA CARRETERA NACIONAL MIRANDA. FRENTE CARRETERA VIA A BATATAL ESTADO MIRANDA FINCA EL MARTILLO EDIFICIO', null, null, now(), now(), 26),
  (100901009, 'ESCUELA TECNICA ROBINSONIANA DIEGO BAUTISTA URBANEJA', 'SECTOR LAS DELICIAS IZQUIERDA CALLE ESPACIO CULTURAL COMUNITARIO GUARIBE. FRENTE CALLE LAS DELICIAS. DERECHA CARRERA NACIONAL VIA A ORIENTE AL LADO DEL ESPACIO CULTURAL COMUNITARIO GUARIBE EDIFICIO', null, null, now(), now(), 26),
  (100901011, 'ESCUELA BÁSICA EC-25 EL CEDRO', 'CASERÍO EL CEDRO DERECHA CALLE CASA DE FAMILIA. IZQUIERDA CALLE CASA DE FAMILIA. FRENTE CARRETERA NACIONAL VIA EL TOTUMO EN EL CENTRO DEL CASERIO EDIFICIO', null, null, now(), now(), 26),
  (100901012, 'ESCUELA BASICA BOLIVARIANA GC-57 GUARIBITO', 'SECTOR GUARIBITO IZQUIERDA CALLE GUARIBITO. FRENTE CALLEJÓN PRINCIPAL. DERECHA CAMINO SIN NOMBRE AL LADO DE LA CANCHA DE GUARIBO CASA', null, null, now(), now(), 26),
  (100901013, 'UNIDAD EDUCATIVA COLEGIO SANTIAGO MARIÑO', 'CALLE URDANETA SECTOR CENTRO FRENTE A LA PLAZA BOLIVAR', null, null, now(), now(), 26),
  (100901014, 'CONGOROCHO', 'CASERÍO CONGOROCHO IZQUIERDA CALLEJÓN SALON DE CLASES. FRENTE CALLEJÓN FRENTE A LA ESCUELA. DERECHA CAMINO AL LADO DE UN TERRENO ESCUELA BASICA BOLIVARIANA CONGOROCHO', null, null, now(), now(), 26),
  (100901016, 'SEDE CONTRALORIA MUNICIPAL DE GUARIBE', 'FINAL CALLE MIRANDA', null, null, now(), now(), 26),
  (100901017, 'RESIDENCIA MEDICOS AMBULATORIO DR FEDERICO MOYA', 'FINAL CALLE BOLIVAR', null, null, now(), now(), 26),
  (100901018, 'CDCE NRO 11', 'CALLE MIRANDA SECTOR CENTRO', null, null, now(), now(), 26),
  (101001001, 'UNIDAD EDUCATIVA NACIONAL RAFAEL PAREDES', 'SECTOR MARISCAL SUCRE DERECHA CALLE SIMON RODRIGUEZ. IZQUIERDA CALLE FRANCISCO JOSE CARBALLO. FRENTE CALLE REINA BIBLIOTECA PUBLICA MERCEDES ROJAS DE PEREZ EDIFICIO', null, null, now(), now(), 27),
  (101001002, 'UNIDAD EDUCATIVA MIGUEL GONZALEZ CONTRERAS', 'SECTOR MARISCAL SUCRE DERECHA CALLE REINA. IZQUIERDA CALLE MAYALITO. FRENTE CALLE NEGRO PRIMERO UNIVERSIDAD NACIONAL ABIERTA EDIFICIO', null, null, now(), now(), 27),
  (101001004, 'MUNICIPIO ESCOLAR NÚMERO 8', 'SECTOR DOCTOR CASCO CENTRAL DERECHA CALLE MATAPALO. IZQUIERDA CALLE TROPEZON. FRENTE CALLE BOLIVAR CONSEJO LEGISLATIVO MUNICIPAL CASA', null, null, now(), now(), 27),
  (101001003, 'UNIDAD EDUCATIVA MONSEÑOR RODRIGUEZ ALVAREZ', 'SECTOR CASCO CENTRAL DERECHA CALLE SAN JOSE. IZQUIERDA CALLE NEGRO PRIMERO. FRENTE CALLE ELISEO MARCHENA DIAGONAL LAVANDERIA JORGE CASA', null, null, now(), now(), 27),
  (101001005, 'ESCUELA BOLIVARIANA MODESTO JUVENCIO MANUITT', 'SECTOR CHAPARROGACHO DERECHA CALLE EL ARENAL. FRENTE CALLE FINAL CALLE PAEZ. IZQUIERDA CARRERA NACIONAL CLUB DE LEONES EDIFICIO', null, null, now(), now(), 27),
  (101001006, 'CENTRO EDUCACION INICIAL EL AZULEJO', 'SECTOR LA MANGA IZQUIERDA CALLE LOS AZULEJOS. FRENTE CALLE EL GUASIMO. DERECHA CALLEJÓN SIN NOMBRE CENTRO DE ACOPIO DE MERCAL EDIFICIO', null, null, now(), now(), 27),
  (101001007, 'UNIDAD EDUCATIVA NACIONAL PEDRO ITRIAGO CHACIN', 'SECTOR LA CANDELARIA IZQUIERDA CALLE AGUA NEGRA. FRENTE CALLE PAEZ. DERECHA CALLEJÓN LA CANDELARIA AL LADO DEL CENTRO DIAGNÓSTICO INTEGRAL CASA', null, null, now(), now(), 27),
  (101001008, 'ESCUELA NACIONAL EL GAVILAN', 'SECTOR EL GAVILAN FRENTE CALLE LAS TRINITARIAS. DERECHA VEREDA SIN NOMBRE. IZQUIERDA CAMINO SIN NOMBRE PARQUE INFANTIL CASA', null, null, now(), now(), 27),
  (101001009, 'CENTRO DE EDUCACION INICIAL LAS PALMAS', 'SECTOR LA ROCHELA DERECHA CALLE BOLIVAR. IZQUIERDA CALLE ROSA CELIS. FRENTE CALLE LAS LAJITAS MODULO ASISTENCIAL LAS PALMAS CASA', null, null, now(), now(), 27),
  (101001010, 'CENTRO DE EDUCACION INICIAL LAS PERLAS', 'SECTOR LAS PERLAS DERECHA CALLE EL LIMON. IZQUIERDA CALLE EL VALLE. FRENTE CALLE TAGUAPIRE CENTRO MEDICO POPULAR LAS PERLAS CASA', null, null, now(), now(), 27),
  (101001012, 'CENTRO DE VOTACION LAS PALMAS III', 'SECTOR LAS PALMAS III DERECHA CALLE 3. FRENTE CALLE PRINCIPAL. IZQUIERDA CAMINO SIN NOMBRE A 100 MTS DEL LICEO EN CONSTRUCCION CASA', null, null, now(), now(), 27),
  (101001011, 'CENTRO DE VOTACION DORA BALZA', 'SECTOR DORA BALZA DERECHA CALLE COLEADOR. IZQUIERDA CALLE PRIMAVERA. FRENTE CALLE EL CARO A 50 MTS DE LA CARRETERA NACIONAL', null, null, now(), now(), 27),
  (101002001, 'UNIDAD EDUCATIVA ESTADAL BOLIVARIANA DC-7 SANTA RITA', 'SECTOR SAN LORENZO DERECHA CALLE LOS MANGOS. IZQUIERDA CALLE ORINOCO. FRENTE CALLE BOLIVAR A UNA CUADRA DE LA PLAZA BOLIVAR CASA', null, null, now(), now(), 28),
  (101003001, 'ESCUELA BASICA ANGEL MORENO', 'SECTOR CASCO CENTRAL DERECHA CALLE RONDON. IZQUIERDA CALLE BOLIVAR. FRENTE CALLE URDANETA PLAZA BOLIVAR EDIFICIO', null, null, now(), now(), 29),
  (101003002, 'ESCUELA BOLIVARIANA ESTADAL DC 43 TERECAY', 'SECTOR TERECAY IZQUIERDA CALLE EN CONSTRUCCION. FRENTE CALLE PRINCIPAL. DERECHA CAMINO NO POSEE NOMBRE FRENTE HOTEL COROBA EDIFICIO', null, null, now(), now(), 29),
  (101003003, 'ESCUELA BASICA ESTADAL DC-68 MORICHITO', 'CASERÍO MORICHITO DERECHA CALLEJÓN NO TIENE NOMBRE. IZQUIERDA PICA NO TIENE NOMBRE. FRENTE TROCHA CALLE PRINCIPAL FRENTE AL CACERIO MORICHITO CASA', null, null, now(), now(), 29),
  (101003004, 'ESCUELA BASICA ESTADAL D-72 MEDANOS DE GOMEZ', 'CASERÍO MEDANOS DE GOMEZ FRENTE CALLE 1. IZQUIERDA SENDERO APROXIMADAMENTE A 50 METROS DEL CEMENTERIO. DERECHA CAMINO AL LADO DEL GENERADOR ELECTRICO AMBULATORIO RURAL TIPO II CASA', null, null, now(), now(), 29),
  (101003005, 'UNIDAD EDUCATIVA VICENTE YANEZ PINZON', 'SECTOR FRANCISCO DE MIRANDA IZQUIERDA CALLE VENEZUELA. FRENTE CALLE COLOMBIA. DERECHA PICA SIN NOMBRE A FRENTE DE LA EMPRESA ALGODONERA ALGORINCA EDIFICIO', null, null, now(), now(), 29),
  (101003006, 'CENTRO DE VOTACION LA ARENOZA', 'SECTOR LA ARENOZA FRENTE CALLE LA PLANTA. DERECHA VEREDA SIN NOMBRE. IZQUIERDA VEREDA SIN NOMBRE AL LADO DEL POZO N#1', null, null, now(), now(), 29),
  (101003008, 'U. E. N GENERAL EZEQUIEL ZAMORA', 'CALLE 11, SECTOR BRISAS BOLIVARIANA, PARROQUIA CABRUTA, MUNICIPIO JUAN JOSÉ RONDON, ESTADO GUARICO', null, null, now(), now(), 29),
  (101101001, 'ESCUELA BASICA CARLOS IRAZABAL PEREZ', 'SECTOR CASCO CENTRAL FRENTE AVENIDA URDANETA. IZQUIERDA CARRETERA MAC GREGOR. DERECHA CAMINO EL GRUPO CANCHA DE LA CRUZ VERDE EDIFICIO', null, null, now(), now(), 30),
  (101101009, 'ESCUELA TECNICA AGROPECUARIA HENRY PITIER', 'SECTOR EL MILAGRO FRENTE CALLE HENRY PITTIER. IZQUIERDA PROLONGACIÓN PARQUE FERIAL. DERECHA SENDERO CAMPO DE LA ESCUELA AL LADO DE LA MANGA DE COLEO VIRGEN DEL SOCORRO CASA', null, null, now(), now(), 30),
  (101101003, 'UNIDAD EDUCATIVA NACIONAL JOSE MELECIO CAMACHO', 'BARRIO PAJALOTE FRENTE CALLE SIMON RODRIGUEZ. DERECHA PROLONGACIÓN PAJALOTE. IZQUIERDA CAMINO UNEFA SALIDA A CORRAL VIEJO EDIFICIO', null, null, now(), now(), 30),
  (101101004, 'ESCUELA ESTADAL FC-43 LOMAS PERDOMERAS', 'SECTOR LOMAS PERDOMERAS FRENTE CARRETERA LAS LOMAS. IZQUIERDA BULEVAR AMBULATORIO DE LAS LOMAS. DERECHA SENDERO FAMILIA PERALTA EL MOLINO DE LAS LOMAS CASA', null, null, now(), now(), 30),
  (101101005, 'ESCUELA BASICA MARGOT RISSO DE MALAVE', 'CASERÍO CHUPADERO DERECHA CALLE EL CHUPADERO. FRENTE CALLE PRINCIPAL. IZQUIERDA CARRETERA SIN IDENTIFICACION FRENTE AL AMBULATORIO CASA', null, null, now(), now(), 30),
  (101101006, 'ESCUELA BASICA BOLIVARIANA FC-50 CORRAL VIEJO', 'CASERÍO CORRAL VIEJO DERECHA CALLE LAS BONITAS. IZQUIERDA CALLE LA SOLEDAD. FRENTE CALLE PRINCIPAL FRENTE A LA CANCHA DE USOS MULTIPLES EDIFICIO', null, null, now(), now(), 30),
  (101101007, 'ESCUELA BASICA ESTATAL UNITARIA FC-86 MANIRAL', 'CASERÍO MANIRAL FRENTE CARRETERA NACIONAL EL SOCORRO SANTA MARIA. IZQUIERDA CALLEJÓN SIN NOMBRE. DERECHA SENDERO PEDRO RANGEL DESTRAS DEL AMBULATORIO CASA', null, null, now(), now(), 30),
  (101101008, 'ESCUELA NACIONAL CONCENTRADA NÚMERO 2924-3500 LA PUENTE', 'CASERÍO LA PUENTE FRENTE CARRETERA LA PUENTE. DERECHA CALLEJÓN CARLIS PINTO. IZQUIERDA CALLEJÓN REINALDO MACHADO ANTIGUO MOLINO CASA', null, null, now(), now(), 30),
  (101101010, 'ESCUELA DE ESPECIALIDADES CORAZON DE JESUS', 'SECTOR CASCO CENTRAL DERECHA CALLE RONDON. FRENTE CALLE BOLIVAR DIAGONAL AL GERIATRICO CASA', null, null, now(), now(), 30),
  (101101011, 'ESCUELA BASICA NACIONAL NUMERO 0080 DIVIDIVE', 'CASERÍO DIVIDIVE FRENTE CALLE PRINCIPAL DE DIVIDIVE. DERECHA CALLEJÓN MOLINO CASCO CENTRAL DEL CASERIO DIVIDIVE CASA', null, null, now(), now(), 30),
  (101101012, 'NUCLEO ESCOLAR RURAL 146 BOQUERON', 'CASERÍO BOQUERON FRENTE CARRETERA BOQUERON - EL PALMAR. DERECHA CALLEJÓN EMPERA. IZQUIERDA CALLEJÓN AMBULATORIO AMBULATORIO RURAL DE BOQUERON CASA', null, null, now(), now(), 30),
  (101101013, 'ESCUELA BASICA BOLIVARIANA JOBO GACHO', 'SECTOR LAS BRISAS DERECHA CALLE 3. FRENTE CALLE CANTA RANA. IZQUIERDA CAMINO INSTITUTO DE EDUCACION ESPECIAL NORMA ESQUIBEL DE PEREZ DESUES DE LA CANCHA MULTIPLE CASA', null, null, now(), now(), 30),
  (101101014, 'ESCUELA BASICA ESTADAL FC-37 MAHOMAL', 'SECTOR MAHOMAL FRENTE CARRETERA CORRAL VIEJO BANCO TELESFERO. DERECHA CALLEJÓN DE DOÑA NINA. IZQUIERDA CAMINO AMBULATORIO DE MAHOMAL LAGUNA SANTA CRUZ CASA', null, null, now(), now(), 30),
  (101101015, 'ESCUELA BASICA NACIONAL CREACION SALSIPUEDES', 'BARRIO SALSIPUEDES DERECHA CALLE TULIPANES. FRENTE CALLE RIOS. IZQUIERDA SENDERO PANTANAL CRUZ DE SALSIPUEDES CASA', null, null, now(), now(), 30),
  (101101016, 'CENTRO DE VOTACION COROCITO PENERO', 'CASERÍO COROCITO PENERO FRENTE CARRETERA VIA A SAN JUAN DE AMARILIS. DERECHA PROLONGACIÓN TERRENOS DE LA COMUNIDAD. IZQUIERDA PROLONGACIÓN TERRENOS DE LA COMUNIDAD SALIDA DE SAN JUAN DE AMARILIS', null, null, now(), now(), 30),
  (101101018, 'EBN. NRO.1936 EZEQUIEL ZAMORA. NER 497', 'VÍAS LAS LOMAS, SECTOR EL ARENAL', null, null, now(), now(), 30),
  (101101019, 'U.E.E. DON SIMÓN RODRIGUEZ', 'CALLE HERNÁNDEZ ROMERO CRUUCE CON SOL Y LLANO', null, null, now(), now(), 30),
  (101201001, 'CICLO COMBINADO BEATRIZ DE RODRIGUEZ', 'SECTOR LAS MERCEDES DERECHA AVENIDA BOLIVAR. FRENTE CALLE MENDOZA PLAZA JUAN GERMAN ROSCIO. IZQUIERDA CALLEJÓN MENDOZA CERCA DE LA IGLESIA LAS MERCEDES CASA', null, null, now(), now(), 31),
  (101201002, 'ESCUELA BASICA JUAN GERMAN ROSCIO', 'SECTOR CASCO CENTRAL IZQUIERDA AVENIDA BOLIVAR. DERECHA CALLE SANTA ROSA. FRENTE CALLE SAN JUAN FRENTE A LA PLAZA BOLIVAR EDIFICIO', null, null, now(), now(), 31),
  (101201003, 'ESCUELA ESTADAL AC-16 TIGUIGUE', 'CASERÍO TIGUIGUE DERECHA CALLE LOS PINOS. FRENTE CALLE BOLIVAR. IZQUIERDA CAMINO CASA DE LA SE#ORA NHELIA BURGOS CERCA A LA PLAZA BOLIVAR DE TIGUIGUE CASA', null, null, now(), now(), 31),
  (101201004, 'ESCUELA BASICA CREACION LA ROMANA NER 392', 'SECTOR LA ROMANA DERECHA CALLE SUCRE. IZQUIERDA CALLE ROSCIO. FRENTE CALLEJÓN LA ROMANA IGLESIA VIRGEN DEL CARMEN SECTOR LA ROMANA EDIFICIO', null, null, now(), now(), 31),
  (101201007, 'ESCUELA PRIMARIA AC-25 BUCARAL', 'SECTOR BUCARAL DERECHA CALLE SIN IDENTIFICACION. IZQUIERDA CALLE PRICIPAL DE BUCARAL. FRENTE CARRETERA NACIONAL DOCTOR ROBERTO VARGAS DIAGONAL AL PREESCOLAR EL CARPINTERO CASA', null, null, now(), now(), 31),
  (101201008, 'ESCUELA ESTADAL BOLIVARIANA BATALLA DE LA VICTORIA', 'URBANIZACIÓN JOSE ISABEL FLORES FRENTE CALLE PRINCIPAL 4 DE AGOSTO. DERECHA CALLEJÓN SIN NOMBRE. IZQUIERDA CALLEJÓN SIN NOMBRE DIAGONAL AL MODULO DE BARRIO ADENTRO SANTA ROSA DE LIMA CASA', null, null, now(), now(), 31),
  (101201010, 'JARDIN DE INFANCIA JUAN GERMAN ROSCIO', 'SECTOR CASCO CENTRAL DERECHA CALLE ROSCIO. IZQUIERDA CALLE SUCRE. FRENTE CALLE LAS MERCEDES AL LADO DEL AMBULATORIO DE ORTIZ CASA', null, null, now(), now(), 31),
  (101201011, 'CENTRO DE VOTACION MATAFRAILE', 'CASERÍO MATAFRAILE FRENTE CALLE PRINCIPAL DE MATAFRAILE. DERECHA CAMINO IGLESIA LUZ DEL MUNDO. IZQUIERDA CAMINO TERRENO DE FRANCHESCO LOCHE IGLESI LUZ DEL MUNDO', null, null, now(), now(), 31),
  (101202001, 'ESCUELA BOLIVARIANA LUISA CACERES DE ARISMENDI', 'SECTOR SAN FRANCISCO DERECHA CALLE 5. IZQUIERDA CALLE 5. FRENTE CALLE PRINCIPAL AL LADO DE LA PREFECTURA CASA', null, null, now(), now(), 32),
  (101202003, 'ESCUELA BASICA AC-36 GUAITOCO', 'CASERÍO GUAITOCO DERECHA CALLE SAN NICASIO. IZQUIERDA CALLE SIN NOMBRE. FRENTE CALLE PRINCIPAL AL LADO DE LA PLAZA BOLIVAR CASA', null, null, now(), now(), 32),
  (101202004, 'ESCUELA AC-34 LAS LAJITAS', 'CASERÍO LAS LAJITAS DERECHA CALLE PRINCIPAL. FRENTE CALLE EL ROBLE. IZQUIERDA CARRETERA NACIONAL AL LADO DEL AMBULATORIO LAS LAJITAS CASA', null, null, now(), now(), 32),
  (101202005, 'UNIDAD EDUCATIVA EL CARITO', 'CASERÍO EL CARITO FRENTE CARRETERA NACIONAL DOS CAMINOS-LA FE. TRONCAL 13. DERECHA CAMINO SIN NOMBRE. IZQUIERDA CAMINO SIN NOMBRE A 50 METROS DEL AMBULATORIO CASA', null, null, now(), now(), 32),
  (101203001, 'ESCUELA BASICA BOLIVARIANA SAN JOSE', 'SECTOR CASCO CENTRAL FRENTE AVENIDA BOLIVAR. IZQUIERDA CALLE CARABOBO. DERECHA CALLEJÓN ROSCIO AL FRENTE DE LA PREFECTURA DE SAN JOSE CASA', null, null, now(), now(), 33),
  (101203002, 'ESCUELA BOLIVARIANA JOSE ANGEL RODRIGUEZ TRUJILLO', 'CASERÍO LAGUNA DE PIEDRA IZQUIERDA CALLE VIRGEN DE LOURDES. FRENTE CALLE PRINCIPAL DIAGONAL AL PUESTO POLICIAL ZONA 1 EDIFICIO', null, null, now(), now(), 33),
  (101203003, 'ESCUELA BOLIVARIANA ASENTAMIENTO CAMPESINO LOS CHIGUIRES', 'CASERÍO LOS CHIGUIRES DERECHA CALLE 2. IZQUIERDA CALLE 1. FRENTE BULEVAR LOS CHIGUIRES AL FRENTE DEL BOULEVAR DE LOS CHIGUIRES CASA', null, null, now(), now(), 33),
  (101203004, 'PREESCOLAR BOLIVARIANO MARIA DE TABARE', 'CASERÍO SAN JOSE DE TIZNADO DERECHA AVENIDA BOLIVAR. IZQUIERDA CALLE GUARICO. FRENTE CALLE BICENTENARIA FINAL AVENIDA BOLIVAR AL LADO DE LA FINCA EL BUCARE SALIDA HACIA LAGUNA DE PIEDRA CASA', null, null, now(), now(), 33),
  (101204001, 'ESCUELA PRIMARIA AC-17 BERSUGA', 'CASERÍO BERSUGA FRENTE CALLE PRINCIPAL. IZQUIERDA SENDERO TIERRAS VALDÍAS. DERECHA CAMINO CASA DE LA FAMILIA OROPEZA DIAZ AL LADO DEL SALON DE LOS TESTIGOS DE JEHOVA CASA', null, null, now(), now(), 34),
  (101204002, 'ESCUELA ESTADAL BOLIVARIANA AC-14 CHIRGUA', 'CASERÍO SABANOTA DERECHA CALLE PRINCIPAL DE SABANOTA. FRENTE CALLE PRINCIPAL. IZQUIERDA CARRETERA SIN NOMBRE DIAGONAL A LA IGLESIA NUESTRA SEÑORA DE LA COROMOTO CASA', null, null, now(), now(), 34),
  (101204004, 'ESCUELA ESTADAL AC-18 CANUTO', 'CASERÍO UNION DE CANUTO IZQUIERDA CALLE CASERIO CANUTO. DERECHA CAMINO SIN NOMBRE. FRENTE CAMINO PRINCIPAL DE CANUTO CERCA DE LA PREFECTURA DE UNION DE CANUTO CASA', null, null, now(), now(), 34),
  (101204005, 'ESCUELA BASICA AC-47 PARADERO', 'CASERÍO PARADERO DERECHA CALLE CALLE LA GUAMITA. FRENTE CARRETERA NACIONAL VIA SABANOTA. IZQUIERDA CAMINO SIN NOMBRE EN EL CASERIO SABANOTA CASA', null, null, now(), now(), 34),
  (101204006, 'ESCUELA BASICA A.C 37 LAS MAJADAS UNIDAD EDUCATIVA GISELA DIAZ', 'CALLE PRINCIPAL SECTOR LAS MAJADAS PARROQUIA SAN LORENZO DE TIZNADO MUNICIPIO ORTIZ ESTADO GUARICO', null, null, now(), now(), 34),
  (101301001, 'ESCUELA BOLIVARIANA ANTONIO DE ARMAS MATUTE', 'SECTOR TIERRA SANTA DERECHA CALLE ZARAZA. IZQUIERDA CALLE BERMUDEZ. FRENTE CALLE RONDON FERRETERIA HERNANDEZ EDIFICIO', null, null, now(), now(), 35),
  (101301011, 'INSTITUTO DE EDUCACIÓN ESPECIAL SANTA MARIA', 'SECTOR RUIZ PINEDA DERECHA CALLE NUEVA. IZQUIERDA CALLE CANDELARIA. FRENTE CALLE CANDELARIA MERCALITO CARLOS GOMEZ CASA', null, null, now(), now(), 35),
  (101301002, 'ESCUELA DE ARTES Y OFICIOS NUESTRA SEÑORA DE LA CANDELARIA', 'SECTOR CASCO CENTRAL IZQUIERDA AVENIDA BOLIVAR. DERECHA CALLE CANDELARIA. FRENTE CALLE SUCRE AL FRENTE DE LA PLAZA BOLIVAR CASA', null, null, now(), now(), 35),
  (101301003, 'UNIDAD EDUCATIVA ANA MELENDEZ DE RAMIREZ', 'SECTOR BANCO OBRERO DERECHA CALLE ANTENA 2. IZQUIERDA CALLE ANTENA 1. FRENTE CALLE MERIDA BODEGA EL ALAZANO CASA', null, null, now(), now(), 35),
  (101301004, 'ESCUELA CONCENTRADA FC-40 EL VENADO', 'CASERÍO EL VENADO FRENTE CARRETERA NACIONAL. DERECHA SENDERO MONTE. IZQUIERDA SENDERO MONTE AL LADO DE LA IGLESIA CATÓLICA CASA', null, null, now(), now(), 35),
  (101301005, 'ESCUELA ESTADAL CONCENTRADA FC-75 LOS GUATACAROS', 'CASERÍO GUATACAROS FRENTE CALLE PRINCIPAL. DERECHA SENDERO MONTE. IZQUIERDA SENDERO MONTE CASERIO LOS GUATACAROS CASA', null, null, now(), now(), 35),
  (101301006, 'ESCUELA ESTADAL CONCENTRADA FC-16 CHAGUARAMAL DE MAYORGA', 'CASERÍO CHAGUARAMAL DE MAYORGA FRENTE CALLE CHAGUARAMAL. DERECHA SENDERO MONTE. IZQUIERDA SENDERO MONTE CASERIO CHAGUARAMAL DE MAYORGA CASA', null, null, now(), now(), 35),
  (101301007, 'ESCUELA NACIONAL CONCENTRADA NÚMERO 3614-3498 MATA DE LOS INDIOS', 'CASERÍO MATA DE LOS INDIOS FRENTE CARRETERA GRANZA. DERECHA SENDERO MONTE. IZQUIERDA SENDERO MONTE CANEY DEL CASERIO MATA DE LOS INDIOS CASA', null, null, now(), now(), 35),
  (101301008, 'ESCUELA ESTADAL FC-44 LAS PARAULATAS', 'CASERÍO LAS PARAULATAS FRENTE CARRETERA ENGRANZONADA. DERECHA SENDERO MONTE. IZQUIERDA SENDERO MONTE EN EL CASERIO CASA', null, null, now(), now(), 35),
  (101301009, 'ESCUELA NACIONAL UNITARIA NÚMERO 1566 AGUA AMARILLA', 'CASERÍO AGUA AMARILLA FRENTE CARRERA NACIONAL. DERECHA SENDERO MONTE. IZQUIERDA SENDERO MONTE AMBULATORIO AGUA AMARILLA CASA', null, null, now(), now(), 35),
  (101301010, 'ESCUELA ESTADAL CONCENTRADA FC-38 EL MANGUITO', 'CASERÍO EL MANGUITO FRENTE CARRETERA NACIONAL. DERECHA SENDERO MONTE. IZQUIERDA SENDERO MONTE EN EL CENTRO DEL CASERIO CASA', null, null, now(), now(), 35),
  (101301012, 'PRE-ESCOLAR DOCTOR CECILIO REQUENA OSORIO', 'SECTOR LA AVANZADA 3 FRENTE CALLE LA AVANZADA. DERECHA CARRERA NACIONAL. IZQUIERDA CARRERA NACIONAL GUARDIA NACIONAL CASA', null, null, now(), now(), 35),
  (101301016, 'ESCUELA ESTADAL CONCENTRADA FC-47 LAGUNA GRANDE', 'CASERÍO LAGUNA GRANDE FRENTE CALLE PRINCIPAL. DERECHA SENDERO MONTE. IZQUIERDA CAMINO MONTE AL LA DEL AMBULATORIO LAGUNA GRANDE CASA', null, null, now(), now(), 35),
  (101301013, 'ASOCIACION DE PRODUCTORES AGRICOLAS SANTA MARIA DE IPIRE', 'SECTOR MATA NEGRA FRENTE CALLE MATA NEGRA. IZQUIERDA CALLEJÓN MANGA. DERECHA CAMINO PARQUE AL LADO DE LA MANGA DE COLEO CASA', null, null, now(), now(), 35),
  (101301014, 'UNIDAD EDUCATIVA BALTAZAR PADRON', 'SECTOR AVANZADA I FRENTE CALLE STADIUM. IZQUIERDA CARRETERA NACIONAL AL LADO DEL STADIUM Y ESTACION POLO NORTE CASA', null, null, now(), now(), 35),
  (101301015, 'UNIDAD EDUCATIVA NACIONAL FRANCISCO DE MIRANDA', 'SECTOR BANCO OBRERO DERECHA CALLE STADIUM. FRENTE CALLE COLOMBIA. IZQUIERDA SENDERO MONTE A 100 METROS DEL STADIUM BENITO MARTINEZ CASA', null, null, now(), now(), 35),
  (101301018, 'BASE DE MISIONES MATA NEGRA', 'SECTOR MATA NEGRA, CALLE LAS PALMAS', null, null, now(), now(), 35),
  (101301019, 'BASE DE MISIONES DR. EDGAR BALLEN CASERES', 'SECTOR TAPARITO. CALLE ZARAZA', null, null, now(), now(), 35),
  (101301020, 'CASA DEL CONSEJO COMUNAL BUCARE MORICHAL', 'CALLE TÁCHIRA, SECTOR BUCARE MORICHAL', null, null, now(), now(), 35),
  (101301021, 'BASE DE MISIONES CASANARE', 'CALLE MANUEL PIAR, SECTOR AVANZADA III', null, null, now(), now(), 35),
  (101302001, 'ESCUELA ESTADAL F-64 PUERTO REQUENA', 'CASERÍO ALTAMIRA FRENTE CALLE PRINCIPAL. DERECHA SENDERO MONTE. IZQUIERDA SENDERO MONTE EN EL CENTRO DEL CASERIO CASA', null, null, now(), now(), 36),
  (101302002, 'ESCUELA ESTADAL FC-45 ALTAMIRA', 'CASERÍO ALTAMIRA DERECHA CALLE SAN FERNANDO. IZQUIERDA CALLE CAÑAFISTOLA. FRENTE CALLE BOLIVAR PLAZA BOLIVAR CASA', null, null, now(), now(), 36),
  (101401001, 'ESCUELA BASICA BOLIVARIANA CHAGUARAMAS', 'SECTOR CASCO CENTRAL IZQUIERDA AVENIDA MAC GREGOR. DERECHA CALLE CIPRIANO CELIS. FRENTE CALLE JOAQUIN CRESPO FRENTE AL SALON DEL REINO DE LOS TESTIGOS DE JEHOVA EDIFICIO', null, null, now(), now(), 37),
  (101401002, 'ESCUELA BASICA DC-57 SANTA EDELMIRA', 'CASERÍO SANTA EDELMIRA DERECHA CALLE NUMERO 4. IZQUIERDA CALLE NUMERO 3. FRENTE CALLE NUMERO 5 FRENTE A LA CANCHA SANTA EDELMIRA CASA', null, null, now(), now(), 37),
  (101401003, 'ESCUELA BASICA SAN LORENZO MARTIR', 'SECTOR LA FLORIDA DERECHA CALLE ERNESTO CHE GUEVARA. IZQUIERDA CALLE PAEZ. FRENTE CALLE SANTIAGO MARIÑO AL LADO DE LA CANCHA SAN LORENZO EDIFICIO', null, null, now(), now(), 37),
  (101401004, 'CONCENTRACIÓN ESCOLAR DC-5 LAS PIEDRAS', 'CASERÍO LAS PIEDRAS IZQUIERDA CARRETERA VIA LA PLANTA DE AGUA. FRENTE CALLEJÓN PARA EL ACCESO AL CENTRO . DERECHA CAMINO TERRENOS DE SEÑOR LUIS HERNANDEZ CASERIO LAS PIEDRAS EDIFICIO', null, null, now(), now(), 37),
  (101401005, 'ESCUELA GC-37 MAMONAL', 'CASERÍO MAMONAL FRENTE CALLE MAMONAL. IZQUIERDA VEREDA MAMON. DERECHA TRONCAL PARCELA 4 AL LADO DEL CBIT MAMONAL, FRENTE AL ANTIGUO AMBULATORIO. CASA', null, null, now(), now(), 37),
  (101401006, 'ESCUELA DC-19 PAJA BRAVA', 'SECTOR PAJA BRAVA DERECHA CALLE CAMPO VERDE. IZQUIERDA CALLE 12 DE OCTUBRE. FRENTE CARRETERA NACIONAL VIA A SAN JUAN DE LOS MORROS A 50 METROS DEL COMANDO DE LA POLICIA CASA', null, null, now(), now(), 37),
  (101401007, 'ESCUELA DC-22 EL ARBOLITO', 'CASERÍO EL ARBOLITO IZQUIERDA CALLE PRINCIPAL. DERECHA CARRETERA VIA CHAGUARAMAS. FRENTE CARRETERA NACIONAL CASERIO EL ARBOLITO CASA', null, null, now(), now(), 37),
  (101401008, 'ESCUELA ESTADAL DC-54 CASIANERO', 'CASERÍO CASIANERO DERECHA CARRETERA NACIONAL VIA CHAGUARAMAS. IZQUIERDA CARRETERA NACIONAL VIA CASERIO LEZAMA. FRENTE CARRETERA NACIONAL A 18 KILOMETROS DEL DESTACAMENTO NUMERO 28 DE LA GUARDIA NACIONAL BOLIVARIANA CASA', null, null, now(), now(), 37),
  (101401009, 'CONCENTRACIÓN ESCOLAR DC-25 ROBLECITO', 'CASERÍO ROBLECITO DERECHA CARRETERA VIA AL CASERIO SANTA EDELMIRA. IZQUIERDA CARRETERA VIA AL CASERIO COSTA DE PARIA. FRENTE CARRETERA PRINCIPAL DEL NUCLEO ENDOGENO ROBLECITO CARRETERA NACIONAL, NUCLEO ENDOGENO ROBLECITO VIA LAS MERCEDES DEL LLANO. CASERI', null, null, now(), now(), 37),
  (101401010, 'ESCUELA BASICA DC-58 LAS CAMAZAS', 'CASERÍO LAS CAMAZAS DERECHA CARRETERA VIA LAS PIEDRAS. IZQUIERDA CARRETERA VIA ALTAGRACIA DE ORITUCO. FRENTE CARRETERA NACIONAL CASERIO LAS CAMAZAS CASA', null, null, now(), now(), 37),
  (101401011, 'BIBLIOTECA PUBLICA FLOR MARIA MANUITT', 'SECTOR ATARRAYA DERECHA CALLE JOAQUIN CRESPO. FRENTE CALLE CADENO A UNA CUADRA DE LA PLAZA BOLIVAR EDIFICIO', null, null, now(), now(), 37),
  (101401012, 'JARDIN DE INFANCIA LAS MALVINAS', 'SECTOR LAS MALVINAS DERECHA CALLE 2. IZQUIERDA CALLE 3. FRENTE CALLE 1 ABASTO LA BECERRA CASA', null, null, now(), now(), 37),
  (101401013, 'ESCUELA BASICA DC-6 SAN NICOLAS', 'CASERÍO SAN NICOLAS FRENTE CALLE PRINCIPAL. DERECHA CARRETERA VIA AL FUNDO RANCHO GRANDE. IZQUIERDA CARRETERA NACIONAL CHAGUARAMAS, LAS MERCEDES DEL LLANO A 500 METROS DE LA PLANTA DE CEMENTO. CASA', null, null, now(), now(), 37),
  (101401014, 'UNIDAD EDUCATIVA PRUDENCIO ESAA', 'SECTOR CALANCHE DERECHA CALLE PRUDENCIO ESAA. IZQUIERDA CALLE ANTONIO JOSE DE SUCRE. FRENTE CALLE BOLIVAR AL LADO DE LA MATERNIDAD CASA', null, null, now(), now(), 37),
  (101401016, 'ESCUELA RURAL BOLIVARIANA DC-14 LAS LOMAS', 'SECTOR LAS LOMAS DERECHA CALLE PRINCIPAL. IZQUIERDA CALLE LA IGLESIA. FRENTE CARRETERA CARRETER NACIONAL CAUCHERA LA LOMA CASA', null, null, now(), now(), 37),
  (101401019, 'C.E.I. SIMONCITO CALANCHE', 'SECTOR CALANCHE, CALLE MARIA HERRERA', null, null, now(), now(), 37),
  (101401020, 'CONSULTORIO POPULAR CHAGUARAMAS', 'CALLE CIPRIANO CELOS SECTOR CENTRO', null, null, now(), now(), 37),
  (101501001, 'GRUPO ESCOLAR CARLOS DEL POZO', 'SECTOR CASCO CENTRAL DERECHA CALLE CARLOS DEL POZO. IZQUIERDA CALLE REVOLUCION. FRENTE CALLE BOLIVAR FRENTE A LA PLAZA BOLIVAR CASA', null, null, now(), now(), 38),
  (101501006, 'UNIDAD EDUCATIVA CC-49 CAMORUCO ESPAÑOLERO', 'CASERÍO: CAMORUCO ESPAÑOLERO. FRENTE CARRETERA VIA GUAYABAL. REFERENCIA EN EL CENTRO DEL CASERIO CAMORUCO ESPAÑOLERO', null, null, now(), now(), 38),
  (101501002, 'ESCUELA ESTADAL C-9 AGUA VERDE', 'CASERÍO: AGUA VERDE. FRENTE CARRETERA VIA CAZORLA. IZQUIERDA PASAJE UNA LAGUNA LLENA DE ARBOLES. DERECHA CAMINO VIA CARUTO. REFERENCIA CARRETERA NACIONAL VIA CAZORLA', null, null, now(), now(), 38),
  (101501003, 'ESCUELA ESTADAL C-56 MEDIA LUNA', 'CASERÍO MEDIA LUNA DERECHA CARRETERA CASERIO MEDIA LUNA . IZQUIERDA CARRETERA EL FRIO. FRENTE CARRETERA MEDIA LUNA CARRETERA NACIONAL VIA EL FRIO. CASERIO MEDIA LUNA CASA', null, null, now(), now(), 38),
  (101501004, 'ESCUELA ESTADAL CC-11 ORORAL', 'CASERÍO: ORORAL. FRENTE CARRETERA NACIONAL VIA CAZORLA. IZQUIERDA CARRETERA UNA CANCHA. DERECHA CARRETERA UNA BODEGA. REFERENCIA CARRETERA NACIONAL VIA CAZORLA', null, null, now(), now(), 38),
  (101501005, 'ESCUELA ESTADAL C-07 SAMANCITO', 'CASERÍO SAMANCITO DERECHA CARRETERA VIA SAMANOTE. IZQUIERDA SENDERO PAISAJE. FRENTE CAMINO REAL CARRETERA VIA UVERITO CASA', null, null, now(), now(), 38),
  (101501007, 'UNIDAD EDUCATIVA DOCTOR JULIO DE ARMAS', 'SECTOR CASCO CENTRAL DERECHA CALLE EL CEMENTERIO. IZQUIERDA CALLE PAEZ. FRENTE CALLE PARAISO CERCA DEL EL CEMENTERIO CASA', null, null, now(), now(), 38),
  (101501008, 'ESCUELA BASICA ANDRES BELLO', 'CASERÍO CAÑO EL DIABLO DERECHA CALLE UNA CASA. IZQUIERDA CALLE BODEGA. FRENTE CARRETERA PRINCIPAL FRENTE IGLESIA CATOLICA CASA', null, null, now(), now(), 38),
  (101501010, 'CENTRO DE VOTACION CAMACHERO', 'SECTOR CAMACHERO FRENTE PROLONGACIÓN RIO APURITO. DERECHA SENDERO PULINARIO. IZQUIERDA SENDERO CAMACHERO CASA FAMILA GALLARDO', null, null, now(), now(), 38),
  (101501011, 'CHARCO VERDE BASE MISION', 'CASERÍO CHARCO VERDE IZQUIERDA CARRETERA FAMILIA MIRABAL. FRENTE CARRETERA SAN JERONIMO SAN JOSE. DERECHA PASAJE CERCA DE LA FAMILIA MIRABAL CASA FAMILIA MIRABAL', null, null, now(), now(), 38),
  (101501012, 'EPB ANTONIO JOSÉ DE SUCRE', 'CALLE SAN NICOLÁS TOVAR SECTOR PARAÍSO', null, null, now(), now(), 38),
  (101501013, 'EPB NEGRA MATEA', 'CALLE MIGUEL ANTONIO SALA SECTOR CASITA I', null, null, now(), now(), 38),
  (101501014, 'SIMONCITO JOSÉ ANTONIO DE CORDOBA', 'CALLE JULIO DE ARMAS SECTOR BANQUITOII', null, null, now(), now(), 38),
  (101501015, 'U.E PENÍNSULA DE PARAGUANÁ', 'COMUNIDAD DE REMAZON', null, null, now(), now(), 38),
  (101501016, 'U.E ALEJANDRO HUMBOLT', 'CARRETERA NACIONAL VIA CAZORLA SECTOR MEDANO ALTO I', null, null, now(), now(), 38),
  (101502001, 'UNIDAD EDUCATIVA LEONARDO INFANTE', 'SECTOR CASCO CENTRAL DERECHA CALLE BLANCA HERRERA . IZQUIERDA CALLE NEGRO PRIMERO. FRENTE CALLE COMERCIO FRENTE AL LICEO CAZORLA CASA', null, null, now(), now(), 39),
  (101502002, 'ESCUELA ESTADAL CC-19 EL PERICO', 'CASERÍO PERICO FRENTE CARRETERA NACIONAL VIA CALABOZO. DERECHA SENDERO POTRERO PARA ANIMALES. IZQUIERDA SENDERO AMBULATORIO RURAL CASERIO EL PERICO CASA', null, null, now(), now(), 39),
  (101502003, 'ESCUELA CONCENTRADA - 20 PASO DE HATO', 'CASERÍO PASO DE HATO FRENTE CALLE LA PRINCIPAL. DERECHA TRONCAL PARCELAS . IZQUIERDA CAMINO LAS PERICOTAS AL FRENTE DE UNA PLAZOLETA CASA', null, null, now(), now(), 39),
  (101502004, 'ESCUELA ESTADAL CC-46 MANGAS COBERAS', 'CASERÍO MANGAS COBERAS FRENTE CALLE EL RIO CAJUARITO. DERECHA CAMINO PAISAJE. IZQUIERDA CAMINO CASERIO DE MANGAS COBERAS FRENTE AL RIO APURE CASA', null, null, now(), now(), 39),
  (101502005, 'ESCUELA BASICA CONCENTRADA SAN JOSE', 'SECTOR SAN JOSE DERECHA CALLE PRINCIPAL DEL CASERIO. FRENTE CARRETERA VIA CAZORLA. IZQUIERDA CAMINO SAN JOSE DE LAS PALMERAS CASERIO SAN JOSE CASA', null, null, now(), now(), 39),
  (101502006, 'ESCUELA BASICA LA CHIPOLA', 'CASERÍO LA CHIPOLA IZQUIERDA CARRETERA CERCA DEL MODULO. FRENTE CARRETERA VIA CAZORLA. DERECHA CAMINO HACIA LA ENTRADA CASERIO PLATANAL CERCA PUENTE AGUA VERDE CASA', null, null, now(), now(), 39),
  (101502008, 'EPB JOSÉ FRANCISCO BERMUDEZ', 'CARRETERA NACIONAL GUAYABAL CAZORLA COMUNIDAD PASO REAL DE AGUA VERDE', null, null, now(), now(), 39),
  (101502009, 'ESCUELA PRIMARIA ESTADAL EL ZORRO', 'COMUNIDAD EL ZORRO CAZORLA', null, null, now(), now(), 39);

INSERT INTO public."Mesas"(
	cod_mesa, electores, apertura, cierre, observacion, "createdAt", "updatedAt", ctro_prop)
	VALUES
  ( 1, 548, null, null, '', now(), now(), 100101001),
  ( 1, 699, null, null, '', now(), now(), 100101035),
  ( 1, 703, null, null, '', now(), now(), 100101036),
  ( 1, 609, null, null, '', now(), now(), 100101037),
  ( 1, 787, null, null, '', now(), now(), 100101038),
  ( 2, 788, null, null, '', now(), now(), 100101038),
  ( 3, 776, null, null, '', now(), now(), 100101038),
  ( 1, 860, null, null, '', now(), now(), 100101039),
  ( 2, 857, null, null, '', now(), now(), 100101039),
  ( 1, 989, null, null, '', now(), now(), 100101002),
  ( 2, 951, null, null, '', now(), now(), 100101002),
  ( 3, 975, null, null, '', now(), now(), 100101002),
  ( 4, 979, null, null, '', now(), now(), 100101002),
  ( 1, 953, null, null, '', now(), now(), 100101003),
  ( 2, 992, null, null, '', now(), now(), 100101003),
  ( 1, 858, null, null, '', now(), now(), 100101004),
  ( 2, 868, null, null, '', now(), now(), 100101004),
  ( 3, 857, null, null, '', now(), now(), 100101004),
  ( 4, 880, null, null, '', now(), now(), 100101004),
  ( 5, 791, null, null, '', now(), now(), 100101004),
  ( 1, 975, null, null, '', now(), now(), 100101005),
  ( 2, 958, null, null, '', now(), now(), 100101005),
  ( 3, 950, null, null, '', now(), now(), 100101005),
  ( 4, 969, null, null, '', now(), now(), 100101005),
  ( 1, 824, null, null, '', now(), now(), 100101006),
  ( 2, 840, null, null, '', now(), now(), 100101006),
  ( 3, 815, null, null, '', now(), now(), 100101006),
  ( 4, 855, null, null, '', now(), now(), 100101006),
  ( 1, 1005, null, null, '', now(), now(), 100101007),
  ( 2, 951, null, null, '', now(), now(), 100101007),
  ( 3, 978, null, null, '', now(), now(), 100101007),
  ( 4, 970, null, null, '', now(), now(), 100101007),
  ( 5, 992, null, null, '', now(), now(), 100101007),
  ( 1, 843, null, null, '', now(), now(), 100101008),
  ( 2, 823, null, null, '', now(), now(), 100101008),
  ( 3, 848, null, null, '', now(), now(), 100101008),
  ( 4, 844, null, null, '', now(), now(), 100101008),
  ( 1, 703, null, null, '', now(), now(), 100101009),
  ( 2, 696, null, null, '', now(), now(), 100101009),
  ( 1, 802, null, null, '', now(), now(), 100101010),
  ( 2, 805, null, null, '', now(), now(), 100101010),
  ( 3, 817, null, null, '', now(), now(), 100101010),
  ( 4, 832, null, null, '', now(), now(), 100101010),
  ( 5, 928, null, null, '', now(), now(), 100101010),
  ( 1, 890, null, null, '', now(), now(), 100101011),
  ( 2, 885, null, null, '', now(), now(), 100101011),
  ( 3, 911, null, null, '', now(), now(), 100101011),
  ( 1, 921, null, null, '', now(), now(), 100101012),
  ( 2, 921, null, null, '', now(), now(), 100101012),
  ( 3, 875, null, null, '', now(), now(), 100101012),
  ( 1, 819, null, null, '', now(), now(), 100101013),
  ( 2, 830, null, null, '', now(), now(), 100101013),
  ( 3, 811, null, null, '', now(), now(), 100101013),
  ( 4, 813, null, null, '', now(), now(), 100101013),
  ( 5, 866, null, null, '', now(), now(), 100101013),
  ( 1, 941, null, null, '', now(), now(), 100101014),
  ( 2, 936, null, null, '', now(), now(), 100101014),
  ( 1, 871, null, null, '', now(), now(), 100101015),
  ( 2, 879, null, null, '', now(), now(), 100101015),
  ( 3, 884, null, null, '', now(), now(), 100101015),
  ( 4, 892, null, null, '', now(), now(), 100101015),
  ( 5, 918, null, null, '', now(), now(), 100101015),
  ( 1, 939, null, null, '', now(), now(), 100101016),
  ( 2, 927, null, null, '', now(), now(), 100101016),
  ( 1, 899, null, null, '', now(), now(), 100101017),
  ( 2, 914, null, null, '', now(), now(), 100101017),
  ( 3, 908, null, null, '', now(), now(), 100101017),
  ( 4, 862, null, null, '', now(), now(), 100101017),
  ( 1, 570, null, null, '', now(), now(), 100101018),
  ( 2, 562, null, null, '', now(), now(), 100101018),
  ( 1, 1006, null, null, '', now(), now(), 100101019),
  ( 2, 992, null, null, '', now(), now(), 100101019),
  ( 3, 981, null, null, '', now(), now(), 100101019),
  ( 1, 594, null, null, '', now(), now(), 100101020),
  ( 2, 601, null, null, '', now(), now(), 100101020),
  ( 1, 758, null, null, '', now(), now(), 100101021),
  ( 2, 756, null, null, '', now(), now(), 100101021),
  ( 3, 756, null, null, '', now(), now(), 100101021),
  ( 4, 749, null, null, '', now(), now(), 100101021),
  ( 1, 757, null, null, '', now(), now(), 100101022),
  ( 1, 625, null, null, '', now(), now(), 100101023),
  ( 1, 509, null, null, '', now(), now(), 100101024),
  ( 2, 507, null, null, '', now(), now(), 100101024),
  ( 1, 781, null, null, '', now(), now(), 100101025),
  ( 1, 872, null, null, '', now(), now(), 100101026),
  ( 1, 214, null, null, '', now(), now(), 100101027),
  ( 1, 658, null, null, '', now(), now(), 100101028),
  ( 1, 213, null, null, '', now(), now(), 100101029),
  ( 1, 312, null, null, '', now(), now(), 100101030),
  ( 1, 387, null, null, '', now(), now(), 100101031),
  ( 1, 351, null, null, '', now(), now(), 100101032),
  ( 1, 566, null, null, '', now(), now(), 100101040),
  ( 1, 601, null, null, '', now(), now(), 100101041),
  ( 1, 567, null, null, '', now(), now(), 100101043),
  ( 1, 328, null, null, '', now(), now(), 100101044),
  ( 1, 967, null, null, '', now(), now(), 100101045),
  ( 1, 466, null, null, '', now(), now(), 100101046),
  ( 1, 644, null, null, '', now(), now(), 100101047),
  ( 1, 474, null, null, '', now(), now(), 100101048),
  ( 1, 258, null, null, '', now(), now(), 100101049),
  ( 1, 898, null, null, '', now(), now(), 100101050),
  ( 1, 673, null, null, '', now(), now(), 100101054),
  ( 1, 653, null, null, '', now(), now(), 100101055),
  ( 1, 672, null, null, '', now(), now(), 100101056),
  ( 1, 736, null, null, '', now(), now(), 100101057),
  ( 1, 385, null, null, '', now(), now(), 100101058),
  ( 1, 336, null, null, '', now(), now(), 100101059),
  ( 1, 434, null, null, '', now(), now(), 100101060),
  ( 1, 107, null, null, '', now(), now(), 100101061),
  ( 1, 314, null, null, '', now(), now(), 100101062),
  ( 1, 322, null, null, '', now(), now(), 100101063),
  ( 1, 607, null, null, '', now(), now(), 100101064),
  ( 1, 279, null, null, '', now(), now(), 100101065),
  ( 1, 162, null, null, '', now(), now(), 100101066),
  ( 1, 900, null, null, '', now(), now(), 100102001),
  ( 2, 885, null, null, '', now(), now(), 100102001),
  ( 3, 982, null, null, '', now(), now(), 100102001),
  ( 1, 214, null, null, '', now(), now(), 100102002),
  ( 1, 144, null, null, '', now(), now(), 100102003),
  ( 1, 458, null, null, '', now(), now(), 100102004),
  ( 1, 125, null, null, '', now(), now(), 100102005),
  ( 1, 988, null, null, '', now(), now(), 100201001),
  ( 2, 969, null, null, '', now(), now(), 100201001),
  ( 3, 976, null, null, '', now(), now(), 100201001),
  ( 1, 716, null, null, '', now(), now(), 100201010),
  ( 1, 782, null, null, '', now(), now(), 100201002),
  ( 2, 804, null, null, '', now(), now(), 100201002),
  ( 3, 789, null, null, '', now(), now(), 100201002),
  ( 1, 530, null, null, '', now(), now(), 100201003),
  ( 2, 528, null, null, '', now(), now(), 100201003),
  ( 1, 755, null, null, '', now(), now(), 100201004),
  ( 2, 762, null, null, '', now(), now(), 100201004),
  ( 3, 803, null, null, '', now(), now(), 100201004),
  ( 1, 444, null, null, '', now(), now(), 100201005),
  ( 1, 822, null, null, '', now(), now(), 100201006),
  ( 2, 804, null, null, '', now(), now(), 100201006),
  ( 1, 905, null, null, '', now(), now(), 100201007),
  ( 2, 930, null, null, '', now(), now(), 100201007),
  ( 1, 258, null, null, '', now(), now(), 100201008),
  ( 1, 253, null, null, '', now(), now(), 100201009),
  ( 1, 979, null, null, '', now(), now(), 100201011),
  ( 1, 695, null, null, '', now(), now(), 100201012),
  ( 1, 761, null, null, '', now(), now(), 100201017),
  ( 1, 694, null, null, '', now(), now(), 100201014),
  ( 1, 443, null, null, '', now(), now(), 100201015),
  ( 1, 924, null, null, '', now(), now(), 100201016),
  ( 2, 942, null, null, '', now(), now(), 100201016),
  ( 1, 335, null, null, '', now(), now(), 100201019),
  ( 1, 223, null, null, '', now(), now(), 100201020),
  ( 1, 179, null, null, '', now(), now(), 100201023),
  ( 1, 258, null, null, '', now(), now(), 100201024),
  ( 1, 80, null, null, '', now(), now(), 100201025),
  ( 1, 537, null, null, '', now(), now(), 100202001),
  ( 2, 528, null, null, '', now(), now(), 100202001),
  ( 1, 279, null, null, '', now(), now(), 100202002),
  ( 1, 833, null, null, '', now(), now(), 100301001),
  ( 2, 835, null, null, '', now(), now(), 100301001),
  ( 3, 862, null, null, '', now(), now(), 100301001),
  ( 4, 868, null, null, '', now(), now(), 100301001),
  ( 5, 907, null, null, '', now(), now(), 100301001),
  ( 1, 966, null, null, '', now(), now(), 100301031),
  ( 2, 978, null, null, '', now(), now(), 100301031),
  ( 3, 971, null, null, '', now(), now(), 100301031),
  ( 4, 1002, null, null, '', now(), now(), 100301031),
  ( 1, 543, null, null, '', now(), now(), 100301032),
  ( 1, 635, null, null, '', now(), now(), 100301033),
  ( 2, 654, null, null, '', now(), now(), 100301033),
  ( 1, 763, null, null, '', now(), now(), 100301034),
  ( 1, 527, null, null, '', now(), now(), 100301035),
  ( 2, 517, null, null, '', now(), now(), 100301035),
  ( 1, 837, null, null, '', now(), now(), 100301002),
  ( 2, 844, null, null, '', now(), now(), 100301002),
  ( 3, 842, null, null, '', now(), now(), 100301002),
  ( 1, 854, null, null, '', now(), now(), 100301003),
  ( 2, 848, null, null, '', now(), now(), 100301003),
  ( 3, 856, null, null, '', now(), now(), 100301003),
  ( 4, 770, null, null, '', now(), now(), 100301003),
  ( 1, 976, null, null, '', now(), now(), 100301005),
  ( 2, 984, null, null, '', now(), now(), 100301005),
  ( 1, 695, null, null, '', now(), now(), 100301006),
  ( 2, 699, null, null, '', now(), now(), 100301006),
  ( 3, 704, null, null, '', now(), now(), 100301006),
  ( 1, 994, null, null, '', now(), now(), 100301007),
  ( 1, 771, null, null, '', now(), now(), 100301008),
  ( 2, 756, null, null, '', now(), now(), 100301008),
  ( 3, 778, null, null, '', now(), now(), 100301008),
  ( 1, 819, null, null, '', now(), now(), 100301009),
  ( 2, 828, null, null, '', now(), now(), 100301009),
  ( 3, 855, null, null, '', now(), now(), 100301009),
  ( 4, 853, null, null, '', now(), now(), 100301009),
  ( 5, 840, null, null, '', now(), now(), 100301009),
  ( 1, 675, null, null, '', now(), now(), 100301010),
  ( 2, 653, null, null, '', now(), now(), 100301010),
  ( 1, 884, null, null, '', now(), now(), 100301011),
  ( 2, 879, null, null, '', now(), now(), 100301011),
  ( 3, 868, null, null, '', now(), now(), 100301011),
  ( 4, 891, null, null, '', now(), now(), 100301011),
  ( 1, 824, null, null, '', now(), now(), 100301012),
  ( 2, 845, null, null, '', now(), now(), 100301012),
  ( 3, 862, null, null, '', now(), now(), 100301012),
  ( 1, 793, null, null, '', now(), now(), 100301013),
  ( 2, 778, null, null, '', now(), now(), 100301013),
  ( 3, 768, null, null, '', now(), now(), 100301013),
  ( 4, 837, null, null, '', now(), now(), 100301013),
  ( 1, 702, null, null, '', now(), now(), 100301014),
  ( 2, 689, null, null, '', now(), now(), 100301014),
  ( 3, 662, null, null, '', now(), now(), 100301014),
  ( 1, 893, null, null, '', now(), now(), 100301015),
  ( 2, 908, null, null, '', now(), now(), 100301015),
  ( 3, 902, null, null, '', now(), now(), 100301015),
  ( 4, 886, null, null, '', now(), now(), 100301015),
  ( 5, 981, null, null, '', now(), now(), 100301015),
  ( 1, 882, null, null, '', now(), now(), 100301016),
  ( 2, 881, null, null, '', now(), now(), 100301016),
  ( 3, 895, null, null, '', now(), now(), 100301016),
  ( 1, 715, null, null, '', now(), now(), 100301017),
  ( 2, 726, null, null, '', now(), now(), 100301017),
  ( 3, 730, null, null, '', now(), now(), 100301017),
  ( 4, 809, null, null, '', now(), now(), 100301017),
  ( 1, 235, null, null, '', now(), now(), 100301018),
  ( 1, 478, null, null, '', now(), now(), 100301019),
  ( 1, 865, null, null, '', now(), now(), 100301020),
  ( 1, 982, null, null, '', now(), now(), 100301021),
  ( 2, 991, null, null, '', now(), now(), 100301021),
  ( 3, 998, null, null, '', now(), now(), 100301021),
  ( 4, 961, null, null, '', now(), now(), 100301021),
  ( 1, 623, null, null, '', now(), now(), 100301022),
  ( 1, 968, null, null, '', now(), now(), 100301023),
  ( 2, 997, null, null, '', now(), now(), 100301023),
  ( 1, 581, null, null, '', now(), now(), 100301024),
  ( 1, 283, null, null, '', now(), now(), 100301026),
  ( 1, 754, null, null, '', now(), now(), 100301027),
  ( 1, 225, null, null, '', now(), now(), 100301028),
  ( 1, 857, null, null, '', now(), now(), 100301029),
  ( 2, 838, null, null, '', now(), now(), 100301029),
  ( 3, 846, null, null, '', now(), now(), 100301029),
  ( 4, 827, null, null, '', now(), now(), 100301029),
  ( 1, 890, null, null, '', now(), now(), 100301030),
  ( 2, 889, null, null, '', now(), now(), 100301030),
  ( 1, 631, null, null, '', now(), now(), 100301036),
  ( 2, 635, null, null, '', now(), now(), 100301036),
  ( 1, 523, null, null, '', now(), now(), 100301037),
  ( 2, 528, null, null, '', now(), now(), 100301037),
  ( 1, 654, null, null, '', now(), now(), 100301038),
  ( 2, 658, null, null, '', now(), now(), 100301038),
  ( 1, 540, null, null, '', now(), now(), 100301039),
  ( 2, 549, null, null, '', now(), now(), 100301039),
  ( 1, 812, null, null, '', now(), now(), 100301040),
  ( 1, 706, null, null, '', now(), now(), 100301042),
  ( 2, 707, null, null, '', now(), now(), 100301042),
  ( 3, 720, null, null, '', now(), now(), 100301042),
  ( 1, 771, null, null, '', now(), now(), 100301043),
  ( 2, 768, null, null, '', now(), now(), 100301043),
  ( 1, 961, null, null, '', now(), now(), 100301044),
  ( 2, 980, null, null, '', now(), now(), 100301044),
  ( 3, 964, null, null, '', now(), now(), 100301044),
  ( 4, 978, null, null, '', now(), now(), 100301044),
  ( 1, 832, null, null, '', now(), now(), 100301045),
  ( 2, 853, null, null, '', now(), now(), 100301045),
  ( 3, 844, null, null, '', now(), now(), 100301045),
  ( 1, 587, null, null, '', now(), now(), 100301046),
  ( 2, 592, null, null, '', now(), now(), 100301046),
  ( 1, 935, null, null, '', now(), now(), 100301047),
  ( 2, 925, null, null, '', now(), now(), 100301047),
  ( 1, 638, null, null, '', now(), now(), 100301048),
  ( 2, 618, null, null, '', now(), now(), 100301048),
  ( 1, 663, null, null, '', now(), now(), 100301049),
  ( 1, 676, null, null, '', now(), now(), 100301050),
  ( 1, 827, null, null, '', now(), now(), 100301051),
  ( 2, 850, null, null, '', now(), now(), 100301051),
  ( 1, 260, null, null, '', now(), now(), 100301053),
  ( 1, 386, null, null, '', now(), now(), 100301054),
  ( 1, 637, null, null, '', now(), now(), 100301055),
  ( 1, 630, null, null, '', now(), now(), 100301056),
  ( 2, 610, null, null, '', now(), now(), 100301056),
  ( 1, 538, null, null, '', now(), now(), 100301057),
  ( 1, 370, null, null, '', now(), now(), 100301058),
  ( 1, 441, null, null, '', now(), now(), 100301059),
  ( 1, 440, null, null, '', now(), now(), 100301060),
  ( 1, 832, null, null, '', now(), now(), 100301061),
  ( 1, 482, null, null, '', now(), now(), 100301062),
  ( 1, 353, null, null, '', now(), now(), 100301063),
  ( 1, 588, null, null, '', now(), now(), 100302001),
  ( 2, 582, null, null, '', now(), now(), 100302001),
  ( 1, 755, null, null, '', now(), now(), 100303001),
  ( 2, 749, null, null, '', now(), now(), 100303001),
  ( 1, 732, null, null, '', now(), now(), 100303002),
  ( 1, 227, null, null, '', now(), now(), 100303004),
  ( 1, 865, null, null, '', now(), now(), 100304001),
  ( 2, 890, null, null, '', now(), now(), 100304001),
  ( 1, 637, null, null, '', now(), now(), 100304002),
  ( 1, 872, null, null, '', now(), now(), 100304003),
  ( 1, 350, null, null, '', now(), now(), 100304004),
  ( 1, 772, null, null, '', now(), now(), 100401001),
  ( 2, 778, null, null, '', now(), now(), 100401001),
  ( 1, 690, null, null, '', now(), now(), 100401018),
  ( 1, 584, null, null, '', now(), now(), 100401019),
  ( 1, 904, null, null, '', now(), now(), 100401002),
  ( 2, 920, null, null, '', now(), now(), 100401002),
  ( 3, 941, null, null, '', now(), now(), 100401002),
  ( 1, 938, null, null, '', now(), now(), 100401003),
  ( 2, 917, null, null, '', now(), now(), 100401003),
  ( 3, 921, null, null, '', now(), now(), 100401003),
  ( 4, 1001, null, null, '', now(), now(), 100401003),
  ( 1, 747, null, null, '', now(), now(), 100401004),
  ( 2, 750, null, null, '', now(), now(), 100401004),
  ( 3, 729, null, null, '', now(), now(), 100401004),
  ( 1, 877, null, null, '', now(), now(), 100401005),
  ( 2, 870, null, null, '', now(), now(), 100401005),
  ( 3, 916, null, null, '', now(), now(), 100401005),
  ( 1, 681, null, null, '', now(), now(), 100401006),
  ( 1, 779, null, null, '', now(), now(), 100401007),
  ( 2, 780, null, null, '', now(), now(), 100401007),
  ( 3, 765, null, null, '', now(), now(), 100401007),
  ( 1, 732, null, null, '', now(), now(), 100401008),
  ( 2, 745, null, null, '', now(), now(), 100401008),
  ( 1, 930, null, null, '', now(), now(), 100401009),
  ( 2, 952, null, null, '', now(), now(), 100401009),
  ( 1, 968, null, null, '', now(), now(), 100401010),
  ( 2, 954, null, null, '', now(), now(), 100401010),
  ( 1, 742, null, null, '', now(), now(), 100401011),
  ( 2, 748, null, null, '', now(), now(), 100401011),
  ( 1, 692, null, null, '', now(), now(), 100401012),
  ( 1, 693, null, null, '', now(), now(), 100401013),
  ( 2, 700, null, null, '', now(), now(), 100401013),
  ( 3, 708, null, null, '', now(), now(), 100401013),
  ( 1, 852, null, null, '', now(), now(), 100401014),
  ( 2, 858, null, null, '', now(), now(), 100401014),
  ( 3, 876, null, null, '', now(), now(), 100401014),
  ( 1, 910, null, null, '', now(), now(), 100401015),
  ( 2, 908, null, null, '', now(), now(), 100401015),
  ( 1, 482, null, null, '', now(), now(), 100401016),
  ( 1, 833, null, null, '', now(), now(), 100401017),
  ( 1, 601, null, null, '', now(), now(), 100401024),
  ( 1, 595, null, null, '', now(), now(), 100401025),
  ( 1, 574, null, null, '', now(), now(), 100401026),
  ( 1, 449, null, null, '', now(), now(), 100401027),
  ( 1, 688, null, null, '', now(), now(), 100401028),
  ( 2, 694, null, null, '', now(), now(), 100401028),
  ( 1, 926, null, null, '', now(), now(), 100401029),
  ( 1, 614, null, null, '', now(), now(), 100401031),
  ( 1, 344, null, null, '', now(), now(), 100401033),
  ( 1, 265, null, null, '', now(), now(), 100401036),
  ( 1, 431, null, null, '', now(), now(), 100401037),
  ( 1, 357, null, null, '', now(), now(), 100401038),
  ( 1, 404, null, null, '', now(), now(), 100401039),
  ( 1, 127, null, null, '', now(), now(), 100401040),
  ( 1, 303, null, null, '', now(), now(), 100401041),
  ( 1, 302, null, null, '', now(), now(), 100401042),
  ( 1, 907, null, null, '', now(), now(), 100402001),
  ( 2, 926, null, null, '', now(), now(), 100402001),
  ( 1, 360, null, null, '', now(), now(), 100402002),
  ( 1, 255, null, null, '', now(), now(), 100402003),
  ( 1, 460, null, null, '', now(), now(), 100402004),
  ( 1, 171, null, null, '', now(), now(), 100402005),
  ( 1, 207, null, null, '', now(), now(), 100402006),
  ( 1, 488, null, null, '', now(), now(), 100403001),
  ( 1, 178, null, null, '', now(), now(), 100403002),
  ( 1, 743, null, null, '', now(), now(), 100404001),
  ( 2, 740, null, null, '', now(), now(), 100404001),
  ( 1, 435, null, null, '', now(), now(), 100404002),
  ( 1, 219, null, null, '', now(), now(), 100404003),
  ( 1, 258, null, null, '', now(), now(), 100404004),
  ( 1, 692, null, null, '', now(), now(), 100405001),
  ( 2, 701, null, null, '', now(), now(), 100405001),
  ( 3, 710, null, null, '', now(), now(), 100405001),
  ( 1, 349, null, null, '', now(), now(), 100405002),
  ( 1, 959, null, null, '', now(), now(), 100405003),
  ( 1, 609, null, null, '', now(), now(), 100406001),
  ( 2, 592, null, null, '', now(), now(), 100406001),
  ( 1, 473, null, null, '', now(), now(), 100406002),
  ( 1, 210, null, null, '', now(), now(), 100406003),
  ( 1, 439, null, null, '', now(), now(), 100406004),
  ( 1, 849, null, null, '', now(), now(), 100407001),
  ( 2, 883, null, null, '', now(), now(), 100407001),
  ( 1, 630, null, null, '', now(), now(), 100407002),
  ( 1, 783, null, null, '', now(), now(), 100407003),
  ( 1, 880, null, null, '', now(), now(), 100501001),
  ( 2, 879, null, null, '', now(), now(), 100501001),
  ( 1, 560, null, null, '', now(), now(), 100501023),
  ( 1, 906, null, null, '', now(), now(), 100501024),
  ( 1, 543, null, null, '', now(), now(), 100501025),
  ( 1, 848, null, null, '', now(), now(), 100501002),
  ( 2, 853, null, null, '', now(), now(), 100501002),
  ( 1, 249, null, null, '', now(), now(), 100501003),
  ( 1, 941, null, null, '', now(), now(), 100501004),
  ( 2, 927, null, null, '', now(), now(), 100501004),
  ( 1, 210, null, null, '', now(), now(), 100501005),
  ( 1, 379, null, null, '', now(), now(), 100501006),
  ( 1, 219, null, null, '', now(), now(), 100501007),
  ( 1, 521, null, null, '', now(), now(), 100501008),
  ( 2, 517, null, null, '', now(), now(), 100501008),
  ( 1, 949, null, null, '', now(), now(), 100501009),
  ( 2, 967, null, null, '', now(), now(), 100501009),
  ( 1, 587, null, null, '', now(), now(), 100501010),
  ( 1, 514, null, null, '', now(), now(), 100501011),
  ( 1, 630, null, null, '', now(), now(), 100501012),
  ( 2, 638, null, null, '', now(), now(), 100501012),
  ( 1, 326, null, null, '', now(), now(), 100501013),
  ( 1, 792, null, null, '', now(), now(), 100501014),
  ( 2, 798, null, null, '', now(), now(), 100501014),
  ( 1, 334, null, null, '', now(), now(), 100501015),
  ( 1, 247, null, null, '', now(), now(), 100501016),
  ( 1, 277, null, null, '', now(), now(), 100501017),
  ( 1, 307, null, null, '', now(), now(), 100501018),
  ( 1, 264, null, null, '', now(), now(), 100501019),
  ( 1, 759, null, null, '', now(), now(), 100501020),
  ( 2, 799, null, null, '', now(), now(), 100501020),
  ( 1, 896, null, null, '', now(), now(), 100501021),
  ( 1, 641, null, null, '', now(), now(), 100501026),
  ( 1, 710, null, null, '', now(), now(), 100501027),
  ( 2, 716, null, null, '', now(), now(), 100501027),
  ( 1, 536, null, null, '', now(), now(), 100501028),
  ( 1, 661, null, null, '', now(), now(), 100501029),
  ( 1, 429, null, null, '', now(), now(), 100501030),
  ( 1, 275, null, null, '', now(), now(), 100501031),
  ( 1, 528, null, null, '', now(), now(), 100501032),
  ( 2, 540, null, null, '', now(), now(), 100501032),
  ( 1, 176, null, null, '', now(), now(), 100501034),
  ( 1, 127, null, null, '', now(), now(), 100501035),
  ( 1, 440, null, null, '', now(), now(), 100501036),
  ( 1, 244, null, null, '', now(), now(), 100501037),
  ( 1, 214, null, null, '', now(), now(), 100501038),
  ( 1, 191, null, null, '', now(), now(), 100501039),
  ( 1, 161, null, null, '', now(), now(), 100501040),
  ( 1, 255, null, null, '', now(), now(), 100501041),
  ( 1, 301, null, null, '', now(), now(), 100501042),
  ( 1, 325, null, null, '', now(), now(), 100501043),
  ( 1, 302, null, null, '', now(), now(), 100501044),
  ( 1, 773, null, null, '', now(), now(), 100502001),
  ( 2, 791, null, null, '', now(), now(), 100502001),
  ( 1, 297, null, null, '', now(), now(), 100502002),
  ( 1, 912, null, null, '', now(), now(), 100502003),
  ( 1, 800, null, null, '', now(), now(), 100601001),
  ( 2, 792, null, null, '', now(), now(), 100601001),
  ( 3, 826, null, null, '', now(), now(), 100601001),
  ( 1, 541, null, null, '', now(), now(), 100601033),
  ( 2, 543, null, null, '', now(), now(), 100601033),
  ( 1, 750, null, null, '', now(), now(), 100601034),
  ( 2, 746, null, null, '', now(), now(), 100601034),
  ( 1, 530, null, null, '', now(), now(), 100601035),
  ( 1, 648, null, null, '', now(), now(), 100601036),
  ( 2, 627, null, null, '', now(), now(), 100601036),
  ( 1, 768, null, null, '', now(), now(), 100601002),
  ( 2, 754, null, null, '', now(), now(), 100601002),
  ( 3, 786, null, null, '', now(), now(), 100601002),
  ( 4, 803, null, null, '', now(), now(), 100601002),
  ( 1, 799, null, null, '', now(), now(), 100601003),
  ( 2, 792, null, null, '', now(), now(), 100601003),
  ( 3, 806, null, null, '', now(), now(), 100601003),
  ( 4, 886, null, null, '', now(), now(), 100601003),
  ( 1, 779, null, null, '', now(), now(), 100601004),
  ( 2, 790, null, null, '', now(), now(), 100601004),
  ( 1, 940, null, null, '', now(), now(), 100601005),
  ( 2, 972, null, null, '', now(), now(), 100601005),
  ( 3, 956, null, null, '', now(), now(), 100601005),
  ( 4, 977, null, null, '', now(), now(), 100601005),
  ( 1, 822, null, null, '', now(), now(), 100601006),
  ( 2, 839, null, null, '', now(), now(), 100601006),
  ( 3, 880, null, null, '', now(), now(), 100601006),
  ( 1, 994, null, null, '', now(), now(), 100601007),
  ( 2, 992, null, null, '', now(), now(), 100601007),
  ( 3, 974, null, null, '', now(), now(), 100601007),
  ( 4, 994, null, null, '', now(), now(), 100601007),
  ( 1, 774, null, null, '', now(), now(), 100601008),
  ( 2, 763, null, null, '', now(), now(), 100601008),
  ( 3, 755, null, null, '', now(), now(), 100601008),
  ( 1, 952, null, null, '', now(), now(), 100601009),
  ( 2, 975, null, null, '', now(), now(), 100601009),
  ( 1, 802, null, null, '', now(), now(), 100601010),
  ( 2, 779, null, null, '', now(), now(), 100601010),
  ( 3, 797, null, null, '', now(), now(), 100601010),
  ( 4, 796, null, null, '', now(), now(), 100601010),
  ( 5, 856, null, null, '', now(), now(), 100601010),
  ( 1, 752, null, null, '', now(), now(), 100601011),
  ( 2, 761, null, null, '', now(), now(), 100601011),
  ( 1, 882, null, null, '', now(), now(), 100601012),
  ( 2, 884, null, null, '', now(), now(), 100601012),
  ( 1, 924, null, null, '', now(), now(), 100601013),
  ( 2, 923, null, null, '', now(), now(), 100601013),
  ( 3, 926, null, null, '', now(), now(), 100601013),
  ( 1, 674, null, null, '', now(), now(), 100601014),
  ( 2, 674, null, null, '', now(), now(), 100601014),
  ( 3, 689, null, null, '', now(), now(), 100601014),
  ( 1, 806, null, null, '', now(), now(), 100601015),
  ( 2, 771, null, null, '', now(), now(), 100601015),
  ( 3, 787, null, null, '', now(), now(), 100601015),
  ( 4, 792, null, null, '', now(), now(), 100601015),
  ( 1, 675, null, null, '', now(), now(), 100601017),
  ( 2, 699, null, null, '', now(), now(), 100601017),
  ( 3, 729, null, null, '', now(), now(), 100601017),
  ( 1, 869, null, null, '', now(), now(), 100601018),
  ( 2, 857, null, null, '', now(), now(), 100601018),
  ( 3, 876, null, null, '', now(), now(), 100601018),
  ( 4, 861, null, null, '', now(), now(), 100601018),
  ( 1, 928, null, null, '', now(), now(), 100601019),
  ( 2, 948, null, null, '', now(), now(), 100601019),
  ( 1, 925, null, null, '', now(), now(), 100601020),
  ( 2, 931, null, null, '', now(), now(), 100601020),
  ( 3, 938, null, null, '', now(), now(), 100601020),
  ( 4, 937, null, null, '', now(), now(), 100601020),
  ( 1, 781, null, null, '', now(), now(), 100601021),
  ( 2, 774, null, null, '', now(), now(), 100601021),
  ( 3, 801, null, null, '', now(), now(), 100601021),
  ( 4, 855, null, null, '', now(), now(), 100601021),
  ( 1, 810, null, null, '', now(), now(), 100601022),
  ( 2, 802, null, null, '', now(), now(), 100601022),
  ( 3, 832, null, null, '', now(), now(), 100601022),
  ( 4, 816, null, null, '', now(), now(), 100601022),
  ( 5, 829, null, null, '', now(), now(), 100601022),
  ( 1, 553, null, null, '', now(), now(), 100601023),
  ( 2, 552, null, null, '', now(), now(), 100601023),
  ( 1, 735, null, null, '', now(), now(), 100601024),
  ( 2, 737, null, null, '', now(), now(), 100601024),
  ( 3, 755, null, null, '', now(), now(), 100601024),
  ( 4, 819, null, null, '', now(), now(), 100601024),
  ( 1, 755, null, null, '', now(), now(), 100601025),
  ( 2, 769, null, null, '', now(), now(), 100601025),
  ( 3, 786, null, null, '', now(), now(), 100601025),
  ( 1, 844, null, null, '', now(), now(), 100601026),
  ( 2, 852, null, null, '', now(), now(), 100601026),
  ( 3, 860, null, null, '', now(), now(), 100601026),
  ( 4, 841, null, null, '', now(), now(), 100601026),
  ( 5, 917, null, null, '', now(), now(), 100601026),
  ( 1, 827, null, null, '', now(), now(), 100601028),
  ( 2, 826, null, null, '', now(), now(), 100601028),
  ( 3, 818, null, null, '', now(), now(), 100601028),
  ( 1, 365, null, null, '', now(), now(), 100601030),
  ( 1, 780, null, null, '', now(), now(), 100601031),
  ( 2, 775, null, null, '', now(), now(), 100601031),
  ( 1, 767, null, null, '', now(), now(), 100601032),
  ( 1, 925, null, null, '', now(), now(), 100601037),
  ( 2, 924, null, null, '', now(), now(), 100601037),
  ( 1, 827, null, null, '', now(), now(), 100601038),
  ( 1, 346, null, null, '', now(), now(), 100601039),
  ( 1, 581, null, null, '', now(), now(), 100601040),
  ( 2, 578, null, null, '', now(), now(), 100601040),
  ( 1, 694, null, null, '', now(), now(), 100601041),
  ( 1, 469, null, null, '', now(), now(), 100601042),
  ( 1, 782, null, null, '', now(), now(), 100601043),
  ( 1, 605, null, null, '', now(), now(), 100601044),
  ( 1, 902, null, null, '', now(), now(), 100601045),
  ( 1, 126, null, null, '', now(), now(), 100601046),
  ( 1, 876, null, null, '', now(), now(), 100601047),
  ( 1, 545, null, null, '', now(), now(), 100601048),
  ( 1, 626, null, null, '', now(), now(), 100601049),
  ( 2, 606, null, null, '', now(), now(), 100601049),
  ( 1, 618, null, null, '', now(), now(), 100601050),
  ( 1, 534, null, null, '', now(), now(), 100601052),
  ( 2, 531, null, null, '', now(), now(), 100601052),
  ( 1, 712, null, null, '', now(), now(), 100601053),
  ( 1, 800, null, null, '', now(), now(), 100601054),
  ( 1, 372, null, null, '', now(), now(), 100601055),
  ( 1, 592, null, null, '', now(), now(), 100601056),
  ( 1, 239, null, null, '', now(), now(), 100601057),
  ( 1, 340, null, null, '', now(), now(), 100601058),
  ( 1, 467, null, null, '', now(), now(), 100601059),
  ( 1, 804, null, null, '', now(), now(), 100601060),
  ( 1, 225, null, null, '', now(), now(), 100601061),
  ( 1, 251, null, null, '', now(), now(), 100601062),
  ( 1, 930, null, null, '', now(), now(), 100601063),
  ( 1, 621, null, null, '', now(), now(), 100602001),
  ( 2, 616, null, null, '', now(), now(), 100602001),
  ( 1, 422, null, null, '', now(), now(), 100602003),
  ( 1, 700, null, null, '', now(), now(), 100602002),
  ( 1, 350, null, null, '', now(), now(), 100602004),
  ( 1, 307, null, null, '', now(), now(), 100602005),
  ( 1, 737, null, null, '', now(), now(), 100603001),
  ( 2, 754, null, null, '', now(), now(), 100603001),
  ( 1, 647, null, null, '', now(), now(), 100603002),
  ( 1, 890, null, null, '', now(), now(), 100701001),
  ( 2, 879, null, null, '', now(), now(), 100701001),
  ( 3, 925, null, null, '', now(), now(), 100701001),
  ( 1, 899, null, null, '', now(), now(), 100701018),
  ( 2, 890, null, null, '', now(), now(), 100701018),
  ( 3, 858, null, null, '', now(), now(), 100701018),
  ( 1, 558, null, null, '', now(), now(), 100701019),
  ( 2, 550, null, null, '', now(), now(), 100701019),
  ( 1, 828, null, null, '', now(), now(), 100701002),
  ( 2, 821, null, null, '', now(), now(), 100701002),
  ( 3, 830, null, null, '', now(), now(), 100701002),
  ( 4, 773, null, null, '', now(), now(), 100701002),
  ( 1, 991, null, null, '', now(), now(), 100701003),
  ( 2, 992, null, null, '', now(), now(), 100701003),
  ( 3, 971, null, null, '', now(), now(), 100701003),
  ( 4, 974, null, null, '', now(), now(), 100701003),
  ( 1, 877, null, null, '', now(), now(), 100701004),
  ( 2, 873, null, null, '', now(), now(), 100701004),
  ( 3, 854, null, null, '', now(), now(), 100701004),
  ( 4, 867, null, null, '', now(), now(), 100701004),
  ( 1, 835, null, null, '', now(), now(), 100701006),
  ( 2, 806, null, null, '', now(), now(), 100701006),
  ( 3, 802, null, null, '', now(), now(), 100701006),
  ( 4, 895, null, null, '', now(), now(), 100701006),
  ( 1, 852, null, null, '', now(), now(), 100701008),
  ( 2, 851, null, null, '', now(), now(), 100701008),
  ( 1, 821, null, null, '', now(), now(), 100701009),
  ( 1, 627, null, null, '', now(), now(), 100701010),
  ( 2, 630, null, null, '', now(), now(), 100701010),
  ( 1, 186, null, null, '', now(), now(), 100701011),
  ( 1, 689, null, null, '', now(), now(), 100701012),
  ( 1, 368, null, null, '', now(), now(), 100701013),
  ( 1, 639, null, null, '', now(), now(), 100701014),
  ( 1, 817, null, null, '', now(), now(), 100701015),
  ( 2, 810, null, null, '', now(), now(), 100701015),
  ( 3, 815, null, null, '', now(), now(), 100701015),
  ( 4, 803, null, null, '', now(), now(), 100701015),
  ( 1, 377, null, null, '', now(), now(), 100701016),
  ( 1, 929, null, null, '', now(), now(), 100701017),
  ( 1, 620, null, null, '', now(), now(), 100701020),
  ( 1, 702, null, null, '', now(), now(), 100701021),
  ( 2, 707, null, null, '', now(), now(), 100701021),
  ( 1, 451, null, null, '', now(), now(), 100701022),
  ( 1, 97, null, null, '', now(), now(), 100701030),
  ( 1, 975, null, null, '', now(), now(), 100701023),
  ( 1, 796, null, null, '', now(), now(), 100701024),
  ( 2, 793, null, null, '', now(), now(), 100701024),
  ( 1, 726, null, null, '', now(), now(), 100701025),
  ( 1, 146, null, null, '', now(), now(), 100701027),
  ( 1, 598, null, null, '', now(), now(), 100701029),
  ( 1, 157, null, null, '', now(), now(), 100701043),
  ( 1, 121, null, null, '', now(), now(), 100701035),
  ( 1, 181, null, null, '', now(), now(), 100701033),
  ( 1, 156, null, null, '', now(), now(), 100701045),
  ( 1, 192, null, null, '', now(), now(), 100701046),
  ( 1, 290, null, null, '', now(), now(), 100701047),
  ( 1, 124, null, null, '', now(), now(), 100701048),
  ( 1, 375, null, null, '', now(), now(), 100701049),
  ( 1, 912, null, null, '', now(), now(), 100701050),
  ( 1, 341, null, null, '', now(), now(), 100701051),
  ( 1, 332, null, null, '', now(), now(), 100701052),
  ( 1, 327, null, null, '', now(), now(), 100701053),
  ( 1, 241, null, null, '', now(), now(), 100701054),
  ( 1, 386, null, null, '', now(), now(), 100701055),
  ( 1, 209, null, null, '', now(), now(), 100701056),
  ( 1, 247, null, null, '', now(), now(), 100701057),
  ( 1, 235, null, null, '', now(), now(), 100701058),
  ( 1, 258, null, null, '', now(), now(), 100701059),
  ( 1, 233, null, null, '', now(), now(), 100701060),
  ( 1, 793, null, null, '', now(), now(), 100702001),
  ( 2, 781, null, null, '', now(), now(), 100702001),
  ( 1, 210, null, null, '', now(), now(), 100702002),
  ( 1, 283, null, null, '', now(), now(), 100702003),
  ( 1, 769, null, null, '', now(), now(), 100801001),
  ( 2, 756, null, null, '', now(), now(), 100801001),
  ( 3, 775, null, null, '', now(), now(), 100801001),
  ( 4, 770, null, null, '', now(), now(), 100801001),
  ( 1, 178, null, null, '', now(), now(), 100801002),
  ( 1, 713, null, null, '', now(), now(), 100801006),
  ( 2, 723, null, null, '', now(), now(), 100801006),
  ( 1, 873, null, null, '', now(), now(), 100801003),
  ( 2, 881, null, null, '', now(), now(), 100801003),
  ( 1, 617, null, null, '', now(), now(), 100801004),
  ( 2, 629, null, null, '', now(), now(), 100801004),
  ( 1, 841, null, null, '', now(), now(), 100801005),
  ( 1, 837, null, null, '', now(), now(), 100801007),
  ( 2, 818, null, null, '', now(), now(), 100801007),
  ( 1, 595, null, null, '', now(), now(), 100801008),
  ( 2, 593, null, null, '', now(), now(), 100801008),
  ( 1, 940, null, null, '', now(), now(), 100801009),
  ( 1, 629, null, null, '', now(), now(), 100801010),
  ( 1, 842, null, null, '', now(), now(), 100801012),
  ( 1, 462, null, null, '', now(), now(), 100801013),
  ( 1, 171, null, null, '', now(), now(), 100801014),
  ( 1, 329, null, null, '', now(), now(), 100801015),
  ( 1, 328, null, null, '', now(), now(), 100801016),
  ( 1, 750, null, null, '', now(), now(), 100802001),
  ( 2, 769, null, null, '', now(), now(), 100802001),
  ( 3, 751, null, null, '', now(), now(), 100802001),
  ( 4, 784, null, null, '', now(), now(), 100802001),
  ( 1, 373, null, null, '', now(), now(), 100802003),
  ( 1, 572, null, null, '', now(), now(), 100803001),
  ( 2, 591, null, null, '', now(), now(), 100803001),
  ( 1, 569, null, null, '', now(), now(), 100803002),
  ( 1, 784, null, null, '', now(), now(), 100901001),
  ( 2, 791, null, null, '', now(), now(), 100901001),
  ( 3, 798, null, null, '', now(), now(), 100901001),
  ( 1, 593, null, null, '', now(), now(), 100901002),
  ( 2, 610, null, null, '', now(), now(), 100901002),
  ( 1, 353, null, null, '', now(), now(), 100901003),
  ( 1, 486, null, null, '', now(), now(), 100901004),
  ( 1, 312, null, null, '', now(), now(), 100901006),
  ( 1, 108, null, null, '', now(), now(), 100901007),
  ( 1, 915, null, null, '', now(), now(), 100901009),
  ( 2, 917, null, null, '', now(), now(), 100901009),
  ( 1, 210, null, null, '', now(), now(), 100901011),
  ( 1, 430, null, null, '', now(), now(), 100901012),
  ( 1, 868, null, null, '', now(), now(), 100901013),
  ( 1, 297, null, null, '', now(), now(), 100901014),
  ( 1, 105, null, null, '', now(), now(), 100901016),
  ( 1, 235, null, null, '', now(), now(), 100901017),
  ( 1, 178, null, null, '', now(), now(), 100901018),
  ( 1, 785, null, null, '', now(), now(), 101001001),
  ( 2, 783, null, null, '', now(), now(), 101001001),
  ( 3, 810, null, null, '', now(), now(), 101001001),
  ( 4, 773, null, null, '', now(), now(), 101001001),
  ( 1, 786, null, null, '', now(), now(), 101001002),
  ( 2, 781, null, null, '', now(), now(), 101001002),
  ( 1, 654, null, null, '', now(), now(), 101001004),
  ( 2, 650, null, null, '', now(), now(), 101001004),
  ( 1, 982, null, null, '', now(), now(), 101001003),
  ( 2, 957, null, null, '', now(), now(), 101001003),
  ( 3, 980, null, null, '', now(), now(), 101001003),
  ( 4, 996, null, null, '', now(), now(), 101001003),
  ( 1, 746, null, null, '', now(), now(), 101001005),
  ( 1, 576, null, null, '', now(), now(), 101001006),
  ( 2, 562, null, null, '', now(), now(), 101001006),
  ( 1, 519, null, null, '', now(), now(), 101001007),
  ( 2, 509, null, null, '', now(), now(), 101001007),
  ( 1, 376, null, null, '', now(), now(), 101001008),
  ( 1, 875, null, null, '', now(), now(), 101001009),
  ( 1, 735, null, null, '', now(), now(), 101001010),
  ( 1, 413, null, null, '', now(), now(), 101001012),
  ( 1, 748, null, null, '', now(), now(), 101001011),
  ( 1, 789, null, null, '', now(), now(), 101002001),
  ( 2, 805, null, null, '', now(), now(), 101002001),
  ( 1, 902, null, null, '', now(), now(), 101003001),
  ( 2, 904, null, null, '', now(), now(), 101003001),
  ( 3, 905, null, null, '', now(), now(), 101003001),
  ( 4, 917, null, null, '', now(), now(), 101003001),
  ( 1, 546, null, null, '', now(), now(), 101003002),
  ( 1, 192, null, null, '', now(), now(), 101003003),
  ( 1, 175, null, null, '', now(), now(), 101003004),
  ( 1, 854, null, null, '', now(), now(), 101003005),
  ( 2, 854, null, null, '', now(), now(), 101003005),
  ( 1, 764, null, null, '', now(), now(), 101003006),
  ( 1, 662, null, null, '', now(), now(), 101003008),
  ( 1, 876, null, null, '', now(), now(), 101101001),
  ( 2, 908, null, null, '', now(), now(), 101101001),
  ( 3, 891, null, null, '', now(), now(), 101101001),
  ( 4, 863, null, null, '', now(), now(), 101101001),
  ( 1, 952, null, null, '', now(), now(), 101101009),
  ( 2, 958, null, null, '', now(), now(), 101101009),
  ( 1, 800, null, null, '', now(), now(), 101101003),
  ( 2, 811, null, null, '', now(), now(), 101101003),
  ( 1, 334, null, null, '', now(), now(), 101101004),
  ( 1, 566, null, null, '', now(), now(), 101101005),
  ( 2, 556, null, null, '', now(), now(), 101101005),
  ( 1, 772, null, null, '', now(), now(), 101101006),
  ( 1, 373, null, null, '', now(), now(), 101101007),
  ( 1, 389, null, null, '', now(), now(), 101101008),
  ( 1, 686, null, null, '', now(), now(), 101101010),
  ( 2, 683, null, null, '', now(), now(), 101101010),
  ( 1, 259, null, null, '', now(), now(), 101101011),
  ( 1, 124, null, null, '', now(), now(), 101101012),
  ( 1, 665, null, null, '', now(), now(), 101101013),
  ( 2, 663, null, null, '', now(), now(), 101101013),
  ( 1, 144, null, null, '', now(), now(), 101101014),
  ( 1, 733, null, null, '', now(), now(), 101101015),
  ( 1, 539, null, null, '', now(), now(), 101101016),
  ( 1, 89, null, null, '', now(), now(), 101101018),
  ( 1, 510, null, null, '', now(), now(), 101101019),
  ( 1, 876, null, null, '', now(), now(), 101201001),
  ( 2, 899, null, null, '', now(), now(), 101201001),
  ( 3, 923, null, null, '', now(), now(), 101201001),
  ( 1, 905, null, null, '', now(), now(), 101201002),
  ( 2, 912, null, null, '', now(), now(), 101201002),
  ( 1, 706, null, null, '', now(), now(), 101201003),
  ( 1, 970, null, null, '', now(), now(), 101201004),
  ( 1, 511, null, null, '', now(), now(), 101201007),
  ( 1, 551, null, null, '', now(), now(), 101201008),
  ( 1, 767, null, null, '', now(), now(), 101201010),
  ( 1, 166, null, null, '', now(), now(), 101201011),
  ( 1, 731, null, null, '', now(), now(), 101202001),
  ( 2, 741, null, null, '', now(), now(), 101202001),
  ( 1, 263, null, null, '', now(), now(), 101202003),
  ( 1, 298, null, null, '', now(), now(), 101202004),
  ( 1, 293, null, null, '', now(), now(), 101202005),
  ( 1, 933, null, null, '', now(), now(), 101203001),
  ( 2, 941, null, null, '', now(), now(), 101203001),
  ( 1, 791, null, null, '', now(), now(), 101203002),
  ( 2, 802, null, null, '', now(), now(), 101203002),
  ( 1, 291, null, null, '', now(), now(), 101203003),
  ( 1, 296, null, null, '', now(), now(), 101203004),
  ( 1, 681, null, null, '', now(), now(), 101204001),
  ( 1, 402, null, null, '', now(), now(), 101204002),
  ( 1, 867, null, null, '', now(), now(), 101204004),
  ( 1, 309, null, null, '', now(), now(), 101204005),
  ( 1, 215, null, null, '', now(), now(), 101204006),
  ( 1, 782, null, null, '', now(), now(), 101301001),
  ( 2, 777, null, null, '', now(), now(), 101301001),
  ( 1, 875, null, null, '', now(), now(), 101301011),
  ( 1, 824, null, null, '', now(), now(), 101301002),
  ( 2, 822, null, null, '', now(), now(), 101301002),
  ( 1, 591, null, null, '', now(), now(), 101301003),
  ( 2, 594, null, null, '', now(), now(), 101301003),
  ( 1, 494, null, null, '', now(), now(), 101301004),
  ( 1, 343, null, null, '', now(), now(), 101301005),
  ( 1, 164, null, null, '', now(), now(), 101301006),
  ( 1, 205, null, null, '', now(), now(), 101301007),
  ( 1, 208, null, null, '', now(), now(), 101301008),
  ( 1, 332, null, null, '', now(), now(), 101301009),
  ( 1, 796, null, null, '', now(), now(), 101301010),
  ( 1, 558, null, null, '', now(), now(), 101301012),
  ( 1, 159, null, null, '', now(), now(), 101301016),
  ( 1, 599, null, null, '', now(), now(), 101301013),
  ( 1, 383, null, null, '', now(), now(), 101301014),
  ( 1, 489, null, null, '', now(), now(), 101301015),
  ( 1, 150, null, null, '', now(), now(), 101301018),
  ( 1, 328, null, null, '', now(), now(), 101301019),
  ( 1, 134, null, null, '', now(), now(), 101301020),
  ( 1, 194, null, null, '', now(), now(), 101301021),
  ( 1, 324, null, null, '', now(), now(), 101302001),
  ( 1, 589, null, null, '', now(), now(), 101302002),
  ( 1, 830, null, null, '', now(), now(), 101401001),
  ( 2, 826, null, null, '', now(), now(), 101401001),
  ( 3, 856, null, null, '', now(), now(), 101401001),
  ( 1, 429, null, null, '', now(), now(), 101401002),
  ( 1, 591, null, null, '', now(), now(), 101401003),
  ( 2, 581, null, null, '', now(), now(), 101401003),
  ( 1, 380, null, null, '', now(), now(), 101401004),
  ( 1, 469, null, null, '', now(), now(), 101401005),
  ( 1, 616, null, null, '', now(), now(), 101401006),
  ( 2, 628, null, null, '', now(), now(), 101401006),
  ( 1, 299, null, null, '', now(), now(), 101401007),
  ( 1, 399, null, null, '', now(), now(), 101401008),
  ( 1, 410, null, null, '', now(), now(), 101401009),
  ( 1, 126, null, null, '', now(), now(), 101401010),
  ( 1, 635, null, null, '', now(), now(), 101401011),
  ( 1, 718, null, null, '', now(), now(), 101401012),
  ( 1, 648, null, null, '', now(), now(), 101401013),
  ( 1, 644, null, null, '', now(), now(), 101401014),
  ( 1, 239, null, null, '', now(), now(), 101401016),
  ( 1, 690, null, null, '', now(), now(), 101401019),
  ( 1, 276, null, null, '', now(), now(), 101401020),
  ( 1, 884, null, null, '', now(), now(), 101501001),
  ( 2, 864, null, null, '', now(), now(), 101501001),
  ( 3, 877, null, null, '', now(), now(), 101501001),
  ( 4, 857, null, null, '', now(), now(), 101501001),
  ( 5, 997, null, null, '', now(), now(), 101501001),
  ( 1, 187, null, null, '', now(), now(), 101501006),
  ( 1, 636, null, null, '', now(), now(), 101501002),
  ( 1, 274, null, null, '', now(), now(), 101501003),
  ( 1, 707, null, null, '', now(), now(), 101501004),
  ( 1, 224, null, null, '', now(), now(), 101501005),
  ( 1, 848, null, null, '', now(), now(), 101501007),
  ( 2, 866, null, null, '', now(), now(), 101501007),
  ( 1, 674, null, null, '', now(), now(), 101501008),
  ( 1, 250, null, null, '', now(), now(), 101501010),
  ( 1, 517, null, null, '', now(), now(), 101501011),
  ( 1, 342, null, null, '', now(), now(), 101501012),
  ( 1, 248, null, null, '', now(), now(), 101501013),
  ( 1, 391, null, null, '', now(), now(), 101501014),
  ( 1, 338, null, null, '', now(), now(), 101501015),
  ( 1, 581, null, null, '', now(), now(), 101501016),
  ( 1, 733, null, null, '', now(), now(), 101502001),
  ( 2, 732, null, null, '', now(), now(), 101502001),
  ( 3, 737, null, null, '', now(), now(), 101502001),
  ( 1, 410, null, null, '', now(), now(), 101502002),
  ( 1, 504, null, null, '', now(), now(), 101502003),
  ( 2, 512, null, null, '', now(), now(), 101502003),
  ( 1, 318, null, null, '', now(), now(), 101502004),
  ( 1, 542, null, null, '', now(), now(), 101502005),
  ( 1, 340, null, null, '', now(), now(), 101502006),
  ( 1, 104, null, null, '', now(), now(), 101502008),
  ( 1, 81, null, null, '', now(), now(), 101502009);
